-- phpMyAdmin SQL Dump
-- version 4.6.6deb5
-- https://www.phpmyadmin.net/
--
-- Host: localhost:3306
-- Generation Time: Jan 16, 2018 at 03:58 PM
-- Server version: 5.7.20-0ubuntu0.17.10.1
-- PHP Version: 7.1.11-0ubuntu0.17.10.1

SET SQL_MODE = "NO_AUTO_VALUE_ON_ZERO";
SET time_zone = "+00:00";


/*!40101 SET @OLD_CHARACTER_SET_CLIENT=@@CHARACTER_SET_CLIENT */;
/*!40101 SET @OLD_CHARACTER_SET_RESULTS=@@CHARACTER_SET_RESULTS */;
/*!40101 SET @OLD_COLLATION_CONNECTION=@@COLLATION_CONNECTION */;
/*!40101 SET NAMES utf8mb4 */;

--
-- Database: `sap`
--

-- --------------------------------------------------------

--
-- Table structure for table `barang`
--

CREATE TABLE `barang` (
  `id` int(10) UNSIGNED NOT NULL,
  `nama_barang` varchar(200) COLLATE utf8mb4_unicode_ci NOT NULL,
  `kategori_id` int(10) UNSIGNED NOT NULL,
  `harga_beli` int(10) UNSIGNED NOT NULL,
  `harga_jual` int(10) UNSIGNED NOT NULL,
  `harga_reseller` int(10) UNSIGNED DEFAULT NULL,
  `stok` int(10) UNSIGNED NOT NULL,
  `distributor_id` int(10) UNSIGNED NOT NULL,
  `tgl_masuk` date NOT NULL,
  `barcode` text COLLATE utf8mb4_unicode_ci NOT NULL,
  `created_at` timestamp NULL DEFAULT NULL,
  `updated_at` timestamp NULL DEFAULT NULL
) ENGINE=InnoDB DEFAULT CHARSET=utf8mb4 COLLATE=utf8mb4_unicode_ci;

--
-- Dumping data for table `barang`
--

INSERT INTO `barang` (`id`, `nama_barang`, `kategori_id`, `harga_beli`, `harga_jual`, `harga_reseller`, `stok`, `distributor_id`, `tgl_masuk`, `barcode`, `created_at`, `updated_at`) VALUES
(1, 'gramaxone 500ml', 1, 34000, 37000, 35000, 12, 1, '2018-01-08', 'eyJpdiI6ImVPT21KcEF6ckN2bVZKZG5iZTkrQUE9PSIsInZhbHVlIjoiKzIydG9hNU5OZ3pESm9KVThZVVwvd0tzNVpMY3ZUNHphV29hXC9VRzNZcTF4S3hZVTZHVTRJdk05Rnk1V3QydERsT2N6WFBSZklpdGJxZ1NKZFdjaGI3Z3ZLYzlqb1lVVlwvSWxZXC95OTNkZ09vdnJXeG9JZWlHTTQzRXhraHlHd2tqczZ4YUZ5UVdaeFg2OU5NejVnZTI5OFZwR01PM1NMQTVGMGNObXJyUElyMGl6djVaYUZlQk9JUjN0ZVRkVlVNTzNsRitLZVN4aVwvTlJsdDd5V0p6U0J1ejhsdHZcL3YrUmJQU29UQ1N1QzVVOUFCWmp5WlZtV0cwaENmTUlqNGVJREhxaUg0TU1YVDRGVVNhSjRDYnFOdDF3UU9BUXZ3d1FsWm1GbjlIRWVhSW1kOUdLaU5GQStvZjZzWVlCT1RuU2NTRmNHNzF1dEtTSVRVZ1pURlwvR3d3bVFRWnlIU3F3SEVKTHVXNVwvYnBsMWF4cjdVekl1dnJZeG1PVlp2Qk10MlA4cVN4dUFBaEozYnhvVHhLWm13UXExejUyR2trbVd5RVU1TEJwUUZJeGw0V3dGbDJSUmxPdTFPb0R6Zkh6S3NGeGpTMWFOTXRQcXhDM3dnV3pwZnlXYWVqSVBwVjdGSEY4bjNKK24yMXM1Zz0iLCJtYWMiOiIxYTc3Mzk3OWI5YjkzMDMzNjgwYmY1ZWQ1ZDc0N2Y0YmM1YTIwNjg4M2M3M2JjOTY0MmEyODJmNTcyNzVlM2Q0In0=', NULL, NULL),
(2, 'gramaxone 250ml', 1, 20000, 23000, 21000, 29, 2, '2018-01-04', 'eyJpdiI6InVaSk5JeGU2U0hlQ1wvRk11QU1VTUt3PT0iLCJ2YWx1ZSI6Inc1VHFBcEJHcGpcL0ZDTno4ZDJFalo0c1JNSGFTVVpXUDUzMENRTDRKSVpHN21kMG9KdnlTMUh2bWpuODkzRlJoSU9cL211endFRkZPSXo0R1QwN3pcL3gzVFd0U3JWVXV0QnUxdnpFQ2ZBaVwvVTY3WkphZU5lSXZFT3M0ZUNuNCt1Qk5iVVJxVnRkTDIyVmhodk5HUk50MjZPWTc4Q3RUZGxnNHFBNWxtU3R4OWVydXUxc25OMk9tV1lGbDUyXC9BTjhGZHFQTE96aGRZWDIzYndWRkFaSWNHb3RnVXpUU2VtdEdjakZlc3VjTU1BSnRFQ1hkT29xdzN5MWhPYk8xTXNPMjZzNmNTTXdtUGJJNDNCalVzaDJjQlwvSTRvZWVmRHhxSzhqRzl6N3hhM3FcL3dpek1XaW9NNnlQdllpeE44NFlLSFpHcEpcLzUxc3lReGFrVlNKQmYxeUFaMm04ZzlcL1hiUklSMkdEV0cyZW1kNk1uTmw1dmFaQUdcL0dMR09pTGxmT2thR01YaXVVQ3RxNVprVTFnUU1LbTl2Rlk0VW53ZVFhZzAzTUdDKytUSXRwUkV2ZTQzK0lEa0hzXC80WHBZWUpMNzdxczJiRjVQQ01XVHU3WDlXa0FtTExrQ1JpN1hsRlV3dzhwWEd2NUFnNkE9IiwibWFjIjoiNDk1YzVkYjk4ZTljNjk2MjcyZThmYzZmMzVjNTZhZGVmMWZmOTllYWRiYjIwNjc3ZTEzOGVkNzNlNTY0YWY1ZSJ9', NULL, NULL),
(3, 'gramaxone 1l', 1, 61000, 64000, 62000, 26, 3, '2018-01-01', 'eyJpdiI6ImF6cytLS3NiY1wvaHBvU3pmUll3THN3PT0iLCJ2YWx1ZSI6IjVzNXoxanBsRVJoa1JOR25MYlREdHFhaXpjeWJoajhrcE5wWTVyZFwvaUVnTUFMOEREeUNpUFhUTnRKNHA5aWduVHNKSnF0VTZnOHN5UEM3d2tBOFhaVWNMMHlwNjkxOFBYZ2RQZ2V2MThaaVNIR1RyR1dSVERKVE5MOVg4K2lFZVdXdnlVOWluRnlnXC9aMmhMMXJUbGdPeVRKM2NTckk5UW95elwvRWZvclo4a3VONkJvaldPNElhd0I3XC9mek1pb2FtemdDSGFKUXZKOVNmK21CRDdLbWl3bStjTEZVY2FmYlhGemgzTU5na2J0Mk4yOW1oeHVGRXNtaExJZHVpMFwvd05rUXVRc2VSN2haVmdLSGZtOTE0VzVhXC85Mk1FbkhKNURQa0J0MDE0SlZjN2VXNHZzWnRFdTE2TFpMSzBEelFTSjM1a0FYNXF3UVc1anZDd1dPUUt1bG0xTnRzRzJqQWhYbGZjbzVZZkFJTmZCUjFhMEZBMmoyRlVJUFViTXN5NXpZNTZOVTlqYzMrXC9xSEU5Q2dpMnhOUmVYMDFOY2NMTlVBdFpiN0JRUmxlVk5iSlwvRkkzaXFFcG1qSDhkM3ZqNFdDWHAxWTg3blREN2J1KzBLT1BOQnc9PSIsIm1hYyI6IjI3NGEyZGE5NWMzZmQxZmJjN2JiNGM3NTE1ZDdkODU5MzQwZTc1ZTNkYTRmM2U5MTUxZmRiOWZiNTg0N2NmMDgifQ==', NULL, NULL),
(4, 'roundap 200ml', 1, 18000, 22000, 20000, 44, 2, '2018-01-04', 'eyJpdiI6IlwvaDdRTXNhbWtlTjVhTjl6d3lKVGh3PT0iLCJ2YWx1ZSI6IlpQdjZybzNGdFdPU0Nqc3R2SUtkdWQxa2U5VkFjRWdsc1wvVWFhSVJWSGd6b25yM1wvSkVYWWNwenptdTBra011NlpoY1pGam9QRTRMeEpFbzFzdHlNVVJURXVZbWcydnpvdnN2QlhCVENmWkxBd3N0aVQwanFRY3ROS3dSTkFERmZ1VFQ0ekxsVU5wXC9yT01JU1A1bm1vODJLQmJtR2NPYlJtK1JmblBCQzh6V094cFpTZCtiM3VTNVhQUmFPQlZMMnZOektGMkF4bjBpVWs1MldhdFJSMWpPXC9iWUt1R2xqQ2NLc2NxN0RqOStqb1paelA1RldYaHZ5bndJTE5iXC9KSGdEV0g4VUY3ZDN0SCtJY2Rtak5icmZqeGo5WnJCdklQb042cSt1ZTloMXFyZENcLzdBRUg5am9Xb3JSM1UyWVlMdUEyaExRYmdSdWtQRDBOVnVmTVVoQks2c2piKzVyUVJjOThrcHc0WmdiNmo5N1k0Q1VsSG9GMHJrZmtwenpkcUhlQ1hES05IWUxMcEhHU3libzcyNHdmc3FvQWVDNWxuQmpjaVI4UFYwT3pcLzdsNWVDOWhBSjlcL01NcllCUzVnNkFOTndhODh5ekFZaGpaVTU3ZU5OOGdlVmdlTEZWdWJsYVwvUzBBQVowN2tBPSIsIm1hYyI6Ijg4MzFhY2U1YzI0ODVlM2M0YjdmMGYyZWUzNzI3ODFiNjk0OWMxNTJjN2ViMTEwZGEyYWZlMTM3OTVlNDJlNzQifQ==', NULL, NULL),
(5, 'lindomin 200ml', 1, 17000, 20000, 18000, 15, 3, '2018-01-01', 'eyJpdiI6IndRRzdrR0k4MytmMzZ5cndDdzJFVGc9PSIsInZhbHVlIjoiZWowT1ZKWmYxaWM1NGZLOFhnK3NSQzdDakxZZG5XOGRhczJZWDMySWZTaXFXRXRkRWdUVGVFelZadVgwbE1VTmYwK1lcL2Nqc0FoZmNGK2huZWlrR296V1JkSFBLdzlBNlE4dXdHZG5PZlhtM3hRd2YzVjMrdCtPdmdLRTJ0QVN0Y2NtWmtqQTB5cnhJSkZFZmpVQXZLNTRzbFdZeUtTYm41VVwvRDNmanpybGd2QzNaenozaW1OK2lsaW0ySnFEOHZHMXhwcmg1UHFRQ3BISjEzVVJhUHE5Y3ZpaStVY2U3XC9yeVNpemNmZTNcL3FqSGZUdm83aHNpd2dcL1NzOFhPNzNDSEtRRXJcLzJ5SytkbWY2ekJYZnZSdHJWWVFIeUUxXC9cL2RlOVJScnZOZFByZXAyM2RQNzdjSVN3YmJEbW82UHQ5cHp3Ym9HVjJhcmxXU1FucHVHeURkN3l3SXN2dnhzbXlDNUtTU1JOTVpVNzI4SHVTeXRJdnB3REplbWNPekNwZVpcLzRcL1hKZ1wvQ3VYOWZSVEpvdFJQYnFnNGJzNFBJWjFXblM0TFhQSlZpelVGNUs3UTBsWFZveXM3SUp5bkRQM2hSVEtmbzFYdEwzOUowaUQ2N2lEN3Vmdz09IiwibWFjIjoiNGVlNjZmY2IyZmE2NWZjYzUwM2MyOGQ4OTQ5NDRhYzdhOTY0NTliYzEyZWI2MTc5N2I4YzkxZjkyYmVmYjk0NSJ9', NULL, NULL),
(6, 'lindomin 500ml', 1, 30500, 35000, 32000, 16, 1, '2018-01-08', 'eyJpdiI6IjZKSGlNa0tKMzFcL0xiU2N0T245YnRnPT0iLCJ2YWx1ZSI6InBRNTlRWXZpb09WM011QldWWG5POTIwUXJFald1aWRYQTlPNHFRZFFmQUs5N2RoeTZYditTU3RRQW9SS3RJOURCXC9YVDBWTFRBNlBNTXh0XC92Q3hBNmFcL2hGMGdNY29JcE9YR05RZkIwWlhqR2hqdEdiWml3Rkd3bDRNbnFnVUZGcndId09RaFUrNXlTSzZUMVNUN1EyOEg2SGhFcVZ2VEdsR1lIY01sQ1JOMUhyYnErd1wvVTBoY3VlT014VW5DU0hLNUVOeERBRld0ajdlNjVxeml4eGcwTkpBYWJFTndSNUUxY1gySUQrNmRveXg2UGk5eWV3SG1RMWJ3VWIrcnExNG5UZGlqNjhNNkpQSXlDdnJZNjNqTVwvSmcxWjhnRnBwT3A4cnhmS3RTb0NLS2lcL0lLOFJ0cUNpdktEMVZHNUU3RVZudGNcL3dxZjJnMkg0ZVN2cWgyTmoxQVZzVVVRQzlsdFBYYXgwMVZ4ZnNaRGNzc2xDSFZXdFZPQk44aUNKK0piOExRaEg3cTFmR2NINm9McDk1eFdSNFwvMTNtS2lNQnlSNTErcXZzKzV2ZDV2UTBjbHJmeWF3YWtPNUdaMFdncXBtVkpzTDkxRU5RQ1plTFwvRTVEVGo1VjNcL2JDK1wvXC91OG1FR1NcL1orRjJ1cz0iLCJtYWMiOiI3NWU5MWM0YzYxOGQzYzIzN2EyYWVhNWI5MmQwMTViNzVjODg2YWZkMDM2OTNhNGY5MmU1ZTdmYTA4ODFiMGVmIn0=', NULL, NULL),
(7, 'elang 1l', 1, 52000, 58000, 54000, 37, 2, '2018-01-01', 'eyJpdiI6ImEzTTFGS3hhbG43eDhuRlBTemcyc0E9PSIsInZhbHVlIjoidE5IanBjNFJDaDVsUTVzczhxb3FiWnlGY3ZRSHh2bWpJQ0htK3UxQWg0RHJPUDJjS0xadjYwcnFwZVU2VG9lV0dqQmRLU3VDa0I1WTU2MWpNdWFnUW5SeG83QXY3ZmNPNW9xd2s3NEFSM0RWVUw1Q0xrTGFtdDVLbFBxQldOcGNRazF1aUhmcHJ0M012d1VLNHdVQWVOM25MbFRPd3BOdGp1K0daSGxkdzBcL3ZyaWNJeVRJYXFnSWFBaFFZZ3FiQTNWdm4ybG1sWG8wUGJTTXBveWpkWDNaZFBpK0UyVzVLdUxXaTZ0cGRiRjFHc1FFODExRGt0a0tWb1VhV0pMUEF1RzZGMDNnaTFVeFJ4NzNrZHNpUXd4eWJvcjlBXC9iQjhDb1hDY2V2cE9tNHpnOTA1Tm5XdjlFZFpnUXFrUXlFMmxwVlZJU0RzNzU5Vys1d25WdmN1dElYQTZzTkJsTUlzU3BRQWRMZFBoNkEwOFpTcnRiOG53TzV2TkJJaTBhMHlXemtMTHZ3WDVmNjBzaVdxYmNnbnhcL0hSWnBjVG1haEgwWno3U3hrSlpLcE9JRlBESVd6cHRwNXk4OUlORllyZTBsdE9xWmlxNWRVRHk5RUZJNkxzZVE9PSIsIm1hYyI6IjhmNzIzYzliMDYyNzZkN2U0OTkzNGY0Nzg5ZjE1YTc3MjIxZmQ5NTI4NmYzODZhYjQ2ZTRkY2E1Zjk5ODgyZDUifQ==', NULL, NULL),
(8, 'elang 500ml', 1, 31000, 35000, 32000, 13, 2, '2018-01-01', 'eyJpdiI6InNJSEo2RStuRUswck5tXC94VWV1ZGJ3PT0iLCJ2YWx1ZSI6IlhESG9yWmNMeG42Sk1lckFvTEVEcmlZbHBXU2V1NThLbmU4YmxZaXZrYWNJSUY0VlJsb0cxU3pSNDlucFBmc1d6QytFS3k1aWUxYUdQMW11V2t1REVtcHNORFFLOEljMTFIMVl5eTY2UlF6MkY4b0p5cFNZNjNLWHFxeldwZExpY0RCaEgyeklXN0RNWFFBT0dWU0dGTUhwcmxsOXRjcEJYNWlDM0lFZDduS0xPU0xBVTY0a0M0RjgrdnhLSUVOOFdtREJ6YTRPa1pBQXBYdGFWdTIwaGx0ZGl6b09mN0UwcUlubUhpQThNdmoxYzBpRGtzZmExalpPN3NVb21UVHhjcDFlT2oyM2Y1ZjlybGJVYmVhK3RtY2k2UFZ2djlGdjVKdUU0SnpCanUrTHdVb3FLNEhhMlJZaWJyUDRTa2djejVQQmtnVGk0NllsUTBSU0dTenc3WWxOVktKSTB2MEdnejBvQ24rUXNYYlozb1pqSTBnb1hQRTY2OW85dnhZUVk0MEVpUlJ5WU1UZUhxXC9SelNJK25jVVRGbCtvWlZBSkxDM1wvOENNSGVzMDVvMXE5R1pwbDNuYlNwdk1xUXlSalByVlJ5a3RWb3VEQ1k0ZklDTk1CVEE9PSIsIm1hYyI6ImI3NjhhNzFmYTcxYTM5Zjk0MzVmYTlkYzlmMjhhN2M5MTBmNWVkYjhjNmQ5MGY2OGVjOGJmNzZiMjVjZDQwNjUifQ==', NULL, NULL),
(9, 'elang 250ml', 1, 16000, 20000, 18000, 10, 2, '2018-01-01', 'eyJpdiI6IjlldXlkUXZyV1RHOXlxKzFSMVFvQUE9PSIsInZhbHVlIjoibkhxVVYzXC9WRHBhYUN4ODVLWTRPbkF4ZFhLczJyXC9RMlBNN0NDMzZ5ODByN1VoVm5NRjNmdGtZNHQ2Z0dRUjd0UENEVTFjdkNOQ1I0NkJtU2ZHWXA0bHB4SkxCNnNnR3VVQlwvWmVFUnlEc084Mk11UFNteXEwMVh2akFTT0x2WWduSmlxQlZpSnRXdVJ5TWhpTXp6eGhiU3FRczNXdzNmajBKbHc4QmltTGRTaVBsa2R0WE4xU2dLcnNNaUlmQlwvQ0g1ZmozQis5c0pXOEF6Yk1uY2x0Z3I4NTBzVWVLNmcyeTkzeFExNGtXb1NxYkdVWENkSkNIUVNQSEt4NXFybFwvMVpNSUFRREZSWTVPVWtMUG9UWWljWkt4Y3oyTFB1VGZOTXNySnpNcjNBRmFCU1FSbWdcL1dsVXBFMCtYcDV6VGt5ek1odVNzcmZuMUN0d2RoRjVYUkJmSFE0cEdUWlIzc25jd0k5V1o2WFp2d29YbHBSK3FnUXdvUWQ2dHRwclA0d1lYNjY2NzV3UG1kMXBOQ3dRNFJ6cEpaZ3JMUkRxcUk5K1wvanlQaFZENXYxaVI1Rm1lTmhldFlcL0J1bklUQ1h6eDByYUZHQUFcL1wvc0gwR3Z4bnVLc25BPT0iLCJtYWMiOiI5ZjVkYzQ0NTRkNTI4OWNkMWM1Nzg5Nzg4YWNiZjkzNDk1ZWYzZmJmYTlmMjVjMzNjOGE1NWJkNTdmZjA5ZjMzIn0=', NULL, NULL),
(10, 'DMA 400ML', 1, 36000, 40000, 38000, 8, 1, '2018-01-02', 'eyJpdiI6IkhudXZOdDFtUTg0bndTN1lQNUY5aXc9PSIsInZhbHVlIjoicERoOHpyV2xBcG1lc2l3M0ZIQlUzNk9VR3U3MW5HTVRudEN0eFR5MTZhNTJYS2ZZdE9nUWFYd3lUbWNLNTJtWlRQV0ljMWZsbDJsclJydkdVQzY3STFZMGQ3WTdGRWhQNVFMVUZ4UlZwVWxIUHB2OFpJeU9WSFJtTHk1Ukx2aHloN1VydmNVMDZucGZDZ2xRVE9tM2dZT3ZBY3BJZ1VSb0FsTHRHXC9mNnpLZlNPTmtVOG0yT3pFT29vZmJRWU03bktFWkY2cllrcUMrbnRkYlpuYXpJdmNlRVFKUGJZVnI3SVFYNWJVTUdYd0pLOTBKMmxQUGRWV08wd2tkZFVuUWxhTFVLVkNDNUJFMjlZWUNmUlNueUlGdjk3YWRJc29GRmwxK3JETkU2Z2NGSDN5XC9KYTZlYnZuUUo0R3AyUjNoRitMalZuWld3bFpPVFVtV3NPVDJXa0tZZ1BBU0hCMG96ODZcLzFJWFwvVWpNZlVabW9NanVCcmVXdU1zRmFFUU5DM0MrUFBWUjZlbk52Ujc0cXdudzM0XC9BaHRGU2owZUdkVWp4ZW01NWJocTZFQkNHT29QVGpyUk1wTE9TT3Bzb1ZQSk01K2NyZlRnRnFIWU5ZaUpMb25mQT09IiwibWFjIjoiN2Q5OTNmMGNlNmZlMWY2NWU4MjhmYmMzODM2Y2M2NGUyNzkwZDdiZWVhNjAzM2U1NTllNmZlMjU5Y2QwZDg0OCJ9', NULL, NULL),
(11, 'DMA 200ml', 1, 21000, 25000, 22500, 20, 2, '2017-12-20', 'eyJpdiI6IjR5dmJtRUlnaWlzdWhzZlVPYUFHQmc9PSIsInZhbHVlIjoiUDNVRkJyVStTY2FvV25FMXRwRWhEaXY3ZkVwRW1zVUZGWEp4THJPSmFlNmZJRCtMbFNwTlFWWkpSZXNXUVpJTStjbnF3NG9kRzcrdXpVTXpvYmNaTVwvWHE2M0pcLzZvK1YxQ1lFOUFYNXNxZkdXa2RzU1RpSks5Tmtzd0E2WFNTWnBseGNKMVRFZDdvUUg2UVc4bUlIcHZ0NTdOelRrNGowXC9QVjBcLzBWVUhtaVVmbm5Ic3BDVWZaem5zRXVXWXJ3aUtibjJ0RmN0VXk1emw4cCt2bVprOTBWRUxHaWlrQ3JBandYcG5rTkFrMmhveXM2R0U0QmxKc29cL3lLb1VLZVNPYityY1VUdm1zaEZ4MEtjRlBndW1iVzZqVTl0SjRqUklRQWh4cmpaWmZKVmp1b1ZkR0Y0Q3hDTlpaWG1JeUlGeCs5Q3BueVhuc3ljYWhkbDFVOWVFRkk1TDdpTXp2QlBiQzFsSEFLVUpVU2tNYUE2SVRrejJFcmJ1OU9jRzBhdjhoeVQzcUs0NHl1ZWNBV2RyMXhyb0w1XC9vV3RiY0RsKzZxelZEOFNKWXdjcWlWNjNxTnRIa1R6YXczemZ3alF2Z2FOSTlBZ1lhdGVTUU4xY29KV0pYTGc9PSIsIm1hYyI6IjM3ZDQ1OGM1MGNkZmQyNTBmYmUxMTQ3MmJhMzFmM2M0YjUwYTQzMDQ3OThiODhiNTQyZTk1NmQzOTY3ZDBiY2MifQ==', NULL, NULL),
(12, 'elang 5L', 1, 247500, 265000, 260000, 4, 2, '2018-01-01', 'eyJpdiI6InJ2cDRrNyszY2dlK1E5aVRVaWNlaVE9PSIsInZhbHVlIjoiSzE1VmF1bmdjbTdFaUM3WDN1cTV5WjNrVyt4S1hDY0dPSXdlbkZzd1Y0cHB3RHM0NWpDckJNTHBrdnhXT0poOG4rc2o1ejluZFJKMGY5NlFyaFJtWWJCMFpLTGN6cjRwXC9jQ1wvRmh6MEt5d2Z4WUJnR24zcExLTFpyODZnNzFiczdYQmM4N2N5VzFBK3hncEora1h0eTBTQ2Qybk1SOHFLd2hxQVNIWmhmVDZsZnkrTlh5YjdlUFJBVkZIb1dlWXFUM3VZQ2ROSkc3VStXSjZUS1VNME9JR1QzdnBJYlwvTkdjMFExcHc5Ulp6cU1TbjJCbElzejN2OWpJclpTUHdaQ0owY25aUjB1QmlVS21Hc0JzNnQyb3owWEJ6U0FyS2ZOZU1ZYkx2MEdDbmtZb1wvNks2SzBlXC9XY1wvMEdHdEJtRDhJUFYxWlE2WlZCelZUSXBWNzZuSnlKcmhzNkdBb3VIM0xZNnlPampLTGdOQm1PR3pnd1pJc1JVWDFcL1hCOFlaUWkxWXV3OVI1aXJ4TmhFNktmZUZBUzQ0OHhyeVhJZDJKdlMxcVJiQTJNRGhZNUt0blp4bHdRM1MrMzh0VjhnRmQwb3p3bUJOMzY1WWREZmwyTUIydHh3PT0iLCJtYWMiOiI4YjI3NDM3YzQ5ZGI3NjQxYTExNzVlNTk3NGQ1YmI4NmYyZmU5YTFmMWYzZGZkNGIzYjI0OWJiY2E5YjgzMGViIn0=', NULL, NULL),
(13, 'Top zone 5L', 1, 245000, 255000, 250000, 9, 2, '2018-01-01', 'eyJpdiI6ImswbmFvd2lYaU1aMWxSMjF4bzRCUGc9PSIsInZhbHVlIjoiUEcrNTE2MVR6ZDArNjdIcHhoaWFpU1l4MlBnUEYrVktyOHRUVTdPZ3o5aFQ1UWlXOExLVktVeTJvRW80eXJPa09TSE5uODdIREJhQkF4bCtcL0pWXC82Q08wN29ySGJJQWNEeGQ3dWdlUFV1aDFqN1ZhVUcwMVhsY3hPaCszYmkrM2JXXC9uQTV3XC93WTg5Nk9sODBYeUpKSFJwNnhURnk5a2psdG1hRVVPZWU1d09LdFhpQ1VHMkdOVXZvUlwvYVwvVzFwVFlFd0s4Z3ZCclVDcjIyb29ibU5TMExUa3ZUd0gzV002TDlxTmNwVlRQeWZubFVTWE1jaFZYcGJBRTlwVXRneUJUMmlKXC9FVDgxS1lJMGlrWXVBNmFWRE8weUNZNmttbVo2N0xOTWgrN2lHdUtxUUJmR1JXc0RZZmREQnJybU9TVDJKZUJvUktNRCtLbjVDZ2F4dFdlT25cL0Z5NFErazJ6cGx6UUtvVGx6ZHhOT0FGc2dTeG1VYkhDUWVnUFp5NThrRG9IaFJkSHlzMDFhYkEyWkdHVG5uN0Jra0FSaFpFWGtaTDdcL0pVajE1UmNRdnJRcXNTVEg2SVhnTWJCRXZzSCtRanV2cWZtZmVNMnREQTE5NHV3V1R0Mm1hUnhaajVZZjZYSVhhR2FWaFE9IiwibWFjIjoiM2MzYTg1OGYyZjE4YWFjOGZmZTg5OTA2NzcxMzQzOThkNTIwYjE0Y2E3NWU3MDE4NzMwMzQzZDY5YTU5YjAzMyJ9', NULL, NULL),
(14, 'Topzone 1l', 1, 51500, 56000, 53000, 9, 2, '2018-01-01', 'eyJpdiI6Ik9wbEk3anQrb04xNU9LRVwvek5EbytRPT0iLCJ2YWx1ZSI6Ik9IUGErRGZuSmVZaHJpQWJpemw2Y1J6TXV4YkU1WnNWWWhKQ2xRb3ZlOHZTRmU3Z3ZEbm43TjNyanluTGE3Z3JOUFdkVmpkV3I4eUZpN0tDZkwzQm9zemVSOG9zZTY5Y1VqOG9Da0F1NjNvZk4zSUdSMHIzZHFRUmtyODZzRWI5eStlUUF3czlYZUpvcEJGamZOS2hNM0M2M2RTYitUZVJSUXZOcHBIXC9JYmY1ZjZ2OFczYzNtOVlqd3VSVmZzMTkyYThjZ2ZRYmU2SU1kUDNJUkdqXC9cL0Z3eE1va0dQMERFOEVHSTg0dFwvazZLSGhkcGlnb1dUblB2S2J3K0c1MjJORmdDTjVmS1dnYzZ0ODI3eENsVjR0anI0WmdmNThRZkNacXBTeXd5Nm5WZ0dcL1pYMFJkb05uWlFJa0ZhQzRUVlA1Z2x2TitDNWRvRFAzQTJUVnBJanlDXC9JQXY0QytrWUV2TWZZOU1RMWpXNzlKcDE1Q2F0dUlEaGJxN3ZHR05vb0dmVE9YbENtbDBCZFFZbEY5elpWMGlcL0FhTDdSY3dYNHVpVVJqaWl3SjRLeFZzMUQ1aVVreWtRZHlVcjE0MTJOa1Z0S3A1Y3hmZEJhZkZIcklHZnJqUT09IiwibWFjIjoiYTUxNDU2ZTc5ZTU0M2M4Y2NkYzQ1MmNhZmY2ZTE0NGFiOTEzNTU0OGY3NjdiMTVhZDljNzFkMTBhYzk3NDBhOSJ9', NULL, NULL),
(15, 'noxone 1l', 1, 55000, 58000, 56000, 41, 1, '2018-01-02', 'eyJpdiI6IkdkNUlIT01ZRW50S2NCMTBuZ0NVUHc9PSIsInZhbHVlIjoiajV5d1drU0h4N0htbytLTGdTV2hyUXA4WEl0UHZwS1wvU3RQczhtV1RIZyswQjFQRFpPUUdIcGpST2JwVkpjcURidnBIeUxycFBySHU3Wm5SMU9tXC9MWTc1OFd2ekxGSFlyUFpWVGM1VUM2YXBjUUdUblRuMmROVjkyc1hVR24reTdEM050RVZsdXkrWkszc2JjYStMRHRKT0lTT0ZOUktzU1lcLzNlTHhodFMrZ2dmTkhxVTRTckFIMWtnZXFyRVArY3BLTEZkNWQ4MUdQSVBHTk5NaWpNallDWEJFaTFHcHRtaW9sSG1JdmQ0ajdLNDg5dlJDSkRQZTI1U0NoWk5XMHNoc0dENG93R2JqSGN6MjRqZ1ZsMnhRZ0xtU25iZ0dET3pBQTdpdUtFaUxhMklIbmNOUWRPOVl1aVwvRFNTWDNmMDVhSVJPWERUeTVXYTdcL1hsSFdmNWU5SWVnK2Y5TDZkMjBjdjF0c2hYa2tLMFpHZTNtKzlcL0NyWEtQVnNKb2ZLcFpWMjhRdGNZV25nQ2Z5RGpTUUE1VVFiSWxTbXFXaVJKbzhocTdmcW1iOGs0N2NBQ1laS1M3Z0ZPVWZNa0dHaVwvY1p6a1dnXC8yakwxQnZleXJYd2lwQT09IiwibWFjIjoiZDFlYTc4MzAyMGQ2NDdlNWZlNzQzZWY4ODE0MTY5ZjAyNzBlYjQ2MzdmZGFjYThmYzljYzFiMTlkNGQzMmEzNSJ9', NULL, NULL),
(16, 'gempur 1l', 1, 46000, 50000, 48000, 14, 2, '2018-01-01', 'eyJpdiI6InJISEt4WmJYV1lJRzFFYXhSOWJsaVE9PSIsInZhbHVlIjoiVXcxSzA3ZCs2bzdSOFhtY1dxVE1XQ1RBdFdLTTZZVGFad3pWSk9ybFZYNFp3dnlTdFJ6ZXg5dlwvVXpjU21rTzZ5czJ6TUdCZ2NUblFISUdjNUpuK2NkbVVjN2oxT0duR29YMnFERjVqbCtmTFdLU2JqM3JqWm14T1J1SE9CZWRDWlY2bGdHQmgrXC9ON2J1Z3ZCYmZEd2pNeStmdWo4K05EZVFzUVdUalwvUE5TUHFnMjBiYWRBNFlraFBwYlhxTzVYblNBMlFLQzJvTkZDbGFlQ0RjSkdYZUxJS1BrNzFCaU02d1dHTTJQYmt6T2hwY1Y2TEtxQlB6VFdPOWI1V3ZFODFNVnZmNFRzb3VFK0RyZ3prQ2R2TUZEU3FrVnhuajVoNjdMVmVaazlpT08xWkZGMFJoeEs2VHFxMStGaStrTlJ0RmlUTHJ6YjN5WlNwK25weFlqcUJBV21wcnVKWHBmU2IzM0tWK2xPU1NJQjhDQVhNR1BkdVFwMEJPUVdYb1daUGRaUklIaVpsZFhCSkVmVlZQSTA1b2g2ZlNuNmZcL1hXXC8ydDhOT216T1JwS29rTElteVJNV1B1RGNONU1ua3hDcHZNR0xqSkNGd29USER5TVZESklaZz09IiwibWFjIjoiYWQwZTdmZjQ3ZWE3YmEyMWRjZmI2YzY0NWE2NjAzY2FlZDEzMDUzM2VlMzVmYzc3MDA1ODQzNGQ5OWY0OWZhYyJ9', NULL, NULL),
(17, 'seetop 1l', 1, 61000, 65000, 62500, 19, 3, '2018-01-03', 'eyJpdiI6IndpY2dlSFc5ajBBTGdYbmdraTNxV1E9PSIsInZhbHVlIjoiN0JCOGprY0lkR2FCZFB6VjhRdkhCOXBwN0FSb3Z2VDFZV21IXC9nXC8yUWRvTWp6U0htNnBQblQxeGVxRU1QU2JBTmNoT2hWZkI2MDROcHQyNGtLZFwvRzRSSjl6OUxyXC9JVUI5SldDNFVaUWVScmtzVlFwNDh5aitDXC80TnM5aWdQXC81Tm12M2dZOTJVeXZsMDhKcGR5djdxQlFuWDFVQ1ZRZjNuQ0hMMTNpVk9XTjZNSlROV3d3S250Q3A0c1FcLzZFMm9EdzV4VnBkTlVrQzhRUXJUblEyaE9XN1A1Mkt6b3p6WXd2amhFUXJzS21UU0sxRnZLUGxJTE9QSktWbVFzUEYyYmhGWTZYbStoeFBDZEJKTXYxSnllbnFORlUzVWNlcmlVbnZneVE0RUxNdVVlRzJ0am0yR0NDc1dMWUlKWkJ3RnNyMGVYMVJ6eFNcL1l1VHRCaVpiN25IXC94TjZDSTgrbXVwNHdyTitHUmdiWEpNMTAzbzBsMlgzbk5CVVlWenF4ZElmdlh1TDd0dnBGakRjcTRsa3o0QitieEthT0FDOFRpK2hxc01BNFdCT1RMS1dKeXJJaGZkeXRYVndiZzY3NDFMdnVRRzl5S2FvS1NqU3ZEZmZuVHc9PSIsIm1hYyI6ImExYzc4NTRlZDg2YmQxZDNiMmJiMzBmZWQyMmJjZTc3ZDBmMmZjMjEzNWFlOWU4OGZlMTgzMGNkYjVjM2U2YjkifQ==', NULL, NULL),
(18, 'herbikuat 1l', 1, 48000, 55000, 51000, 5, 3, '2018-01-01', 'eyJpdiI6InhBMkJsRGVWZ0hMQVBGcU9BQmo4TVE9PSIsInZhbHVlIjoicjZxeERjdTVGSVg0Y1IrY3lpd0VuVFY0MDBJYVlsVjFvRFNTM21nb1ZmNlh2czNJSW9KTGpRUVwvQ0gwNU42eGVcL2c0TlNDcXNnVW5OV0tZYll6SHZ6aUh5XC92RDl4UThOcUhjUys0VEkxMkpHMlh4T1ZrY00xMkNSTjM2cEJEY0xwVnNHeStodHRsZDBzM1BVQU1IMXFOTysrOUlZT200VDNLOWlTbUlnRjlXXC85bmVsUDVEckdXUTc2bExQTEMxZDg3ZW9DXC95V0g2bm9DNnVrUmd4STdFdHZOTGxiK3RyT1NPbzdQanJEcFwvb2RwTUMydFozMXFBT2xwUWtSNUZLcVFcL1Vsd0I1ck5BTTMrUDJHclZVMlwvZ09qYW9Pd3FRUVhcL1lodzVaTG9zOEIrRzF1dkRMUCtFU1ViQ2xmaTNpZlZZVUU4R1loYWRCNTRJZ1Z5ZHBrVWNmNVFLRkErdHpFSStlN01nd0hkZXViZHp0UnZsZHA5d2lMXC95SEREZDRLY2d6enlQTGZUMzRWbHBROVZHakErQnZUNkxJcnptcVhcL3crblFEQmd3K1c3QjJwWlpObzMxSW9DbHdUQVkwMUtIaHozb2VyOTE3MzlPUWhkZDNJditNQT09IiwibWFjIjoiYTY5YTcwZGQzY2NlZmRjMzJjM2RmNjViNzFlNDU0ZmFjOTE3NDdiZGFhMGE5Yjc2NjQwNGYwNTMzMDBhZjUwNiJ9', NULL, NULL),
(19, 'top kuat 1l', 1, 50000, 55000, 51000, 18, 3, '2018-01-01', 'eyJpdiI6IkxCd0lBR3RKU0I0K1E1WUJsUEI1aVE9PSIsInZhbHVlIjoiSUdwdnNkNVNvTTlzMzNQNzBQM0E4akhWXC8wSmpMdnBpUmVyUkxGeHVzWDIwY1pvR1JTdWFjOTgzS29xZWRRNHRYaklncFwvMG41cERuU0hIT0JWKzJJQmN3aGJBWE8yMWpBNEJMTTY0TUc1RU02Q2ZZWW9BRGFxRmtPRmZaTUxrS2c0TUdKMjFqM3JLcnNwZkQ5YU4yOTlXZ3FKMVFnbzNrQXhaOGVBSHhNc1JkNllzazlCSURiR2hKdzhFYnVlZEFLOElzTGRQcktrVVRST0JrQ1RcL3N2QlFoWWpXVmFqRXBuMlRwM1RuRW1OXC9FVXhhdkxTOG1RbmI0dkZsZVpQS3hlZ1BQdUNQK3pZSzZYdFIxaTFRT255aEh5MU9GM3I1QXQ2UFNaY0JVV1dJckFmQm56T29wQmZGRVNjWGF2TUd6eGM0MDduSDdwWnQ2b1wvR3FxNTRuWE5ndFhvVTUxTzRJNWNtSFFvclgyZXpxQ3R2VHZBV2szSllSZ2pNa0NTQXVsM3FtRHRsN0VOVnQzVzJXOEdMRGVpTHZsNzZzWkdnMCs3a2ZBenpLXC9cL2xQZGV1QjBIRFd1d2ZvZnRudjNsZGNTNWtaTHU4NWVJamRjbTZtV09QY0pRPT0iLCJtYWMiOiJlZjdmOWUwN2Y5ODA3M2VlOWQ5NTVjMGZmMmUxMjRlODJlNzNmYjE4MDk3MzQwMGVmNjZlYzM5ZWRmOGUxYjRlIn0=', NULL, NULL),
(20, 'typhosat 1l', 1, 48000, 55000, 51000, 19, 3, '2018-01-01', 'eyJpdiI6InBCVlpxTlJRU25WTE0yallQdmJRSEE9PSIsInZhbHVlIjoiZUR0eFhya0d3Qm85dnRDb0ZLMGhVVlFjVkhLeFZiRFwvdjlpU01rVmxWTnFqNGZsa2tqK2djM1RPcXZwWGlwWFFLazFxR1JCS1wvTlQxcGUxMVlxblU1ZVhXUDBkTmgyN1lCMmJ5WXZaMENBRWl2cHVqVGtvNU1QSFlaMHNNbGZLckkwOXc4QURBTXF0emlwemF4cmJ4cVJ6bkhQWlFoTjQrVG1TaGdNbHpoU3RzMWhlZnkxNlVLVzI1U25Ca1ZSbkF6elJBVlVPTWlISHRHblpwaWk1b1ZzZDRRRWM3NXlqZ21qM0FGV2lwQW9DSnRnNkJVR0E4b2dJU0I2NGlxekVCWkxUU25xbTNVcEY2XC9RNysxVlQxS2diK3o2bElNT1J0eVhRYm4rOXZNRXZcL0l4bGZES0R6VHZxVmpHY2tLTyswMm5tYk15NGxhbmM5N2hHOHMzd1g3YlwvczNzMHNpQjkrd0ZNQUJVSENTRm81NHVEZUdsWDd1d2ZoSXpoV2xOeEdwR3hOTWk1VEhqY2didHBYTWtidUNZZHkweGdRQkR2bkJxY3J4YXRRdDhHYmNSall3amw2aUdyMjZSWllZaE1sTzhUM1lLQkFGa3ZSdmFxZDZ6RUxvUT09IiwibWFjIjoiYzE4MjBjZTlmZGM5NWVkMWVmOWQwM2I5OTY1YmIzMGFiYjQ5YjYwZmNlYjhkMGM5NzA5YTZlOWI3ZDkxZDY0MCJ9', NULL, NULL),
(21, 'filia 50ml', 1, 22500, 25000, 23500, 67, 1, '2018-01-01', 'eyJpdiI6IjEzeFwvbWFIRFVKb0owS3ZZS2xmdFBBPT0iLCJ2YWx1ZSI6ImFzRHg0QjN1OTFGeEhvMWVVNkRoeGc2M2xcLzg2SkhUOThiK3YrTXJnT1k3enNJTkdYVzVvOUtTMm5GeUFlTlVySVVMMWlONE56ZUlSRmpERUhqbzJ3a1FyQUNZUEVjVWo1VnY4blRwWWI2ajVPWTFyNmhLa1pQWDNJRWtYSDR5TUQ0clQyeVg0S0tYVStmRVhBQTg0aFFFSHI2S2d5d2tFUXNLVTBhMlhIbytEMjVqNkRGWGs3djlOVDJPS1JTckVTd1dnOGFPNStyT0hDUTYyazdlYVk5T3VmcnZ5SkVWSG42cTBST3UxUzZ4S1pTam04THJoRFdpc0JZeUNHSlZGRjZBOG1Vc2pmQmNzcFl2anNWd3lKc3V6OUs2VGZoMzQ3STJiTGVRVmtoN0VYcTZBXC9JYTRncEJtQVdKeTRKbkw2VFhVRW1zSU95M1FVRnNZOHQyN1BCa0FzXC9lTmRRa0FyOXVraXZLQyszMGtvM3FpcTMyWTdTdlNZVEdNOG11ams5QmorbmYzazhlQmU2TzBGTVltSW9wb1wvSVRWZzMzUER2a0RKSCtwOVJEWFl4WWl0NWRqTzluY2NVMUZMTjZ2XC8wY0ptNkdNeEhcL1wvcTRrcDVZSGJCUT09IiwibWFjIjoiYTI3NGJmYjMwNWUxYmVlZmNiZjIwZTU3MjBmMmUzZWU1NGEzOGQwZTEzZmMzMzdkOTUyMTRhZGQyNGRmMTQzOCJ9', NULL, NULL),
(22, 'marsal sc 500ml', 1, 53000, 60000, 56000, 11, 3, '2018-01-01', 'eyJpdiI6ImVZaFwvNmRtYjZlYWFiMmNLWElJempBPT0iLCJ2YWx1ZSI6ImJRT2h4YTBOOXZjaFVjbzVpZzhCdzZXRGJpSWlLb2NWU2w1UVB6SWoxYU1pbnhcLzZXVFpGdENYd2hcL1E4RzRMdWI1Uk9laWNvSlB3ZzExSWJsSHBGbTlRbkpiRW9cL1puQXVzK005RGpFM3hyM2VGZ1QrUUJnMDZGS2J3Y0V0SzV5eWhBcTQwa0FENUJQa3pQV0VtRXAyUmtpNEpPV2FOaElxQ29yWlZldG5YVEZiQ2hYbURFTGZ6c01VTDg0bFNEcDhvTmZcL3pDbUZWc1o0VnBrODI4Y0VmUU5IaGY3Z2dUVVZ0XC9PNTdLeDAyZE0wWHphbk52REJNeFFIdG1tRmVHYW1KZm04OHZuR0tJOEJyUUZ1T2pxWG1CaE5KYllUVzN2a1U4NjJmWk1leWNPOExqMHBcL2VkZ05yWHU3YmlKQzdORm9UakNEcjk5SHZKM2ZRdmNUK3l3bjZNT2NHU1I4bTBZbzZQU2VpRkwzbExuZFlGS1lhWTlJSGhZXC83Vm1FTlZldmZrTFlhcXRFdnVuMThsajRTZjNDUEJUOW02V3BrRUNHdE1GVzBTZG9EREhucEg1Y1lrRlR1VkZsNVRHTEZyYkRXVWphTlVpazZ3SnJjNWpDM1RjQT09IiwibWFjIjoiMGIwOTI0MGI2NDFkMTRmYjg5YjYxOGI2MGJkYWViYzVhZTgyODkzNmM1MTAwMmQ2Y2QxNjFhMjM5MDIyN2M2MyJ9', NULL, NULL),
(23, 'alika 100ml', 1, 50000, 53000, 51000, 37, 1, '2018-01-01', 'eyJpdiI6IjBVVVJSSHN5M1U0WUVwdnQxTFBoSkE9PSIsInZhbHVlIjoiUFwvOWdkV0c5WGJGejBrM0NLQjZIcXFXd3g1aWxpVGplU2tZeGVhOGdMOFBwR05lUTdXbWNwNklLa2FqclVOeVZnb2NBSGdZbVY1MEUwVWJyQWFKVUlCNGdoU0lkczNhNDlXSUJ3UkJqUUxVQTBwRTZmQWUrdHBhTzdyUU1nVkRhRFFJOVBqZlkwSDUyNzdBajBWQ2RCR3dUTkJwRzVmQ1lLK0N1MTRRbmtcL044M3gzdU5cLzJ5eFFaZlVmUDRjak9CWGh6clpuXC91WnJZeW1NN2JXSkRMdkpvWDl0VDNCNXdwTW9IbERoejUwY2RXRDRXK1BkQ0pFdWhMM0pVYm9wZ0tGWG42Y0NMRjdMTkNWR3RaK1NtT3JlK2pLd3d4ZGFqTXlaRHJ1R2FybU9tZHR2a01oUzJJNUoyZ3V4cDVZRjVVbDc4a1RwV2JuRHU2a0Zxb2FoXC9DTGpyRjNVVnl6YWNud2hOalpnT2kyU0ZcL3c2ZEJWS1l3dzdRUzRZaW5mdk95WXExdHdYZ0JPanFuOThHZXZYQmJobjRvZzIrYW9ycHFsOVVXNDFCcGtkSXY3b2VuMDBoTnRFazNqTjUxOVZSaWdmXC9JNHNZVDhGc3FGUm9PZytvNm9RPT0iLCJtYWMiOiJiODk5Mjk2ZjE2NDdkZTVkOGQ3YjgyYzZkNzE2ZGViNmFhMzQxMzQ1Yzc5ZmFjZjAwYzUzMTI0MzY3MmNlMDJmIn0=', NULL, NULL),
(24, 'alika 50ml', 1, 28500, 32000, 30000, 41, 1, '2018-01-01', 'eyJpdiI6IlhKd1NTZGxpdnpRZldDbnNqVkdqOXc9PSIsInZhbHVlIjoiNHVhYXRnaHU1MWhnbFk0NkFqNEYzWVl5bEpVYnJnRGt5azNwN0FrXC94NHdXXC83OSt0R0lEXC9la044RVhUTGt0NmV0aDlOdHlYU2VETlJmSzVhNEg5RWJySEJpelk4QXAyWnZtaVJUNlh0dkV0M2U4YjhjUW13R2JvRTVRZVwvNXNXU25qUk1QNGdGZGdQdytaUVluSmxiKzFaWUZ0Um9WTFpXY2pueThXR3pHaysrWFptSUFRQzk4Q093QW1Na0lRN2RpOWVDOHlmdXNFQzZWeVVDSUZDZElQK3BuT1htUDJaQzZ2dkdieGxQT1BUN29Ncm1iT1RBYXVCQnpqbEtBOVRIbG03UjF4TXNpcmI0dW83OTI0ZzNKbFlYSmE3SXpWVWJZYVVRNEJ4bmFjemRsMFVhZ0Q4MjRmKzE1dzdyYjMzZG0zQ1ZVRUhkWW5TUlJNSVwvTFRoZlJqQ1E2Tm5JNzcrRmpaTDlLQnNlWk1XeFQzQ1NvdllJTjUyRmVNRHVob2t4UEU1dXBwMHQ5WmtybTFvZVF4N1hoU1RVVlRZOG92RGxoaWlDZkhIZDFldjVMNTF5WEZUS1lkM0xwQVlwQ01SXC9qWGFBRXlSUVgzRXlcLzZkUm9rb2x3PT0iLCJtYWMiOiJiYWJhZjRmOGI5YmY5Yjk4ZTg5MTdhOTkzZTM1Njk0MjM2YTdhODQxODQ3MDQ0YjlmYWVjMzNlZDhkM2FjNzQ3In0=', NULL, NULL),
(25, 'magu 400ml', 1, 58000, 61000, 59000, 13, 3, '2018-01-01', 'eyJpdiI6ImhTOFBvZW4yZTFcL1g4QUlcL3pIK1Rndz09IiwidmFsdWUiOiJEdVprZDNvR0puRHhMdUhLNG04K1ZIZ1gyXC9wck15WDNTUUhaakZsR3ZYSElzeWVvUFcyaVI4aDVoZEQ2YzdpeEF4cFhSTk1CTlwvMDNhMzEwM3lVXC9EdXQyUUpjaXhNdHZ6UktLTmRWcWdMT1hzRDdtNERPZTZ6dklsQzAwSG9IRGlQVU40QnlxVWtYdEs3N0xCYXZsc1dxaVgrWUd1MHBDUE5qNkZyRHkzcm05cW5naXJYVDhoS0dXUDFjQVpwY1VJN0plbjM2bGo4QXVVMzcxbHM4bDh4QmFsVDlTeWlBTDZOdGt6M2FteEhKdFBTK05hN0FoT2JCSkpMa1JqMTN6S0dYK1o1Q2VCTUU0MHlwV2U5NGcydUpNRGpFNGFwRkNIUmw3SjNqTXY1ZmxFSTZcL3dMUFpaQXB2TlwvbU5CQ0NyVHBXN3dFNUYrb0dtZ05pbjYyTHFxbHdLUldrRXFVS3FiU20yNVBKM3JRQnFTUDJleWZVNGE4ZmdLZjQ0MWNcL0RRMEV6QTVnVWxVeUFyQmxUc2Y2c1ZUUVkzSzJsSXk3RjdMVm9qeklFb2s1T0tSOFlXRjk3VXgwK01lMVlINXMxSFlvQ2ZyMGVpbzhHd2xvSmNwOEM5QT09IiwibWFjIjoiOWYxYWU0ODBmZDQzZDFhYjkzNzI5OGQyNzkzMzZiYjJhY2E4Njc5Nzk4MjIyYzc1ODllYzRjNjAyNWIwZGYwNSJ9', NULL, NULL),
(26, 'score 80ml', 1, 51000, 53000, 52000, 55, 1, '2018-01-01', 'eyJpdiI6IlwvUUZOb0ljWFVcLzRFVVFSWUFCcnA4QT09IiwidmFsdWUiOiI3K2NrWEJnTVdxN25iXC8zaWRkZWhTNVJrbDRTYlNTK2g3am0yNHZGRlBYN2ExSnZoREdRb25sbWY2YnduT3NKNWJFSEV3cWtWV2JyM0Q5c2I0Z2w1YXhROWZCbHMxWWtsS3VORk5QUlwvMERGeEpaMitpXC9keE1vb3V2dGhGNGo1NVwvM25tbHFEeVRSckxVTEVEMWR3cHJ2RytxKzhGNnRGb0FQYUljY1dFak1SM0x1XC9sNWhVK0dUd1wvQzZxVVhJcWJVTzVMVlwvdWRKUHFBdDZqdXhvblFVbVlXQ0p1REUwQ2EzYmsyYUVHNkowMzhzQkZ1M3JzYjdMbHFIR0trVHN1OGxybVgwSWszNXM4ZTQwaGtCUHlSMEE2K1BvcmQ5Q3labnBhOXNjTVZXYXdZMGFPaEw2aUpMNXl2YklucWRGZU5VUVlsZFRwMUxDeSt4b0xjUzZsdVZvM2ljUzVLYUtJMEpWZW1GalcycVR1cjBMSGplTDZTNjJjVkRscHZ2Z1pyUUZqVXNCSXVyUTBITGw1b1JXV3hZYlU4SVE2bFlMU1k3Nmo4MDhyeUxDMlBTbDFNM3J1WEJJUlhZMW4ybytvQnJPTXRiS3VGTzNmT2xoTlA2QjBcL1JBPT0iLCJtYWMiOiI1NDk0NGJiZDdhNjYxODI0NTFiOWZhMGExNjM3MGUyOWUwNzI0NzVlMjZjMDZhOGRiOWZkZmUxZWE2OWNkODEwIn0=', NULL, NULL),
(27, 'fastak 100ml', 1, 11000, 15000, 12000, 23, 2, '2018-01-01', 'eyJpdiI6IlNZSklPZzJ3Zm1aY0JSZXRKU1FSZ3c9PSIsInZhbHVlIjoiZnkzU0lOQVV4MFpsMmhETEpoWTdRQUw5QUo4T1JzNmlIUVN4ZUVIYlRzczhtbENncGF1UnF1SFwvdG80SzFWS2xVMFpqWDZaYXNQT2VxTTlRSjZGQTFPM0RkMElkd2xFYTdQNzkyTG1URFBCTzFNNnFadUdVVFY3OXprZXZSZEpCY2thb21TVzM4eHNcL1RvUisyUTJIS2ZsaTdPYmY5dFRiY2RRKzIxYVNiR3A2MzBaRVR3Wm5adnRGRHpYYk84N01yY2ppMnk5NERIZHBjNlFSUkRqYzA4OGZnZXlaZkNJMEZEcVMzNnFaUFNyYVlUaDFzUFpmeDNmUHYzYXlTcSs5Y3JSUjlIcHZrNDhtY1JUK1wvTU12K005QjNKMXF3RUlId3hmVWZiKzJxQlwvQm9BNFViRE14ODRpSmF0b1V4SEVQMitCM2NyXC84UnZQd3FjRm1VTGtSZUdvKzRtSUFYMHhnMVJvcFExb0dlMVFHMHI0YjhuOGNaOVJhN0lZUnNVSWtwTGNkUUZCRzIyWm5yRmxNcTRWY3VWeVwvWW8yQWRnOWZBamF3blpQamdxTjhraE1LaGV6bzk0N2xTK1JLazg3d3FLZzl2U2p4Y25BSlpuWm9zVkVWbUE9PSIsIm1hYyI6ImJmODUyMDEwY2Q2MTRiYjI4ODYzNjc0MTA2ODY3Y2I4YWZjYzhhM2QxMTA5YWE0YTc5ZWNkZDdlZWIzZmY2MmMifQ==', NULL, NULL),
(28, 'fastak 500ml', 1, 41000, 45000, 43000, 10, 1, '2018-01-01', 'eyJpdiI6IjBJZnBPaVF1QUxGTXNqRVFMQm5rSWc9PSIsInZhbHVlIjoiUFRTSVZwMmRZTitZU2tXd1ZcLys4Z2lkRUozMm03NFRhVGh3T25UTlhxbFZoeVJBaloxWHMrdzFjN1NJNkh0SGZiaGZhaElnMCtueGt2V1lmb01wQVllR0NQWWkwVHZQQXZYMVk4ZkZQeDZaSTdPb3dYU0tPQkVkZSs0Nk9TZUpVYXc3WGI5ZFJmY3dNaGpyQWJyMTJ0ZkxObjc0VTBwVTRvcndmNUFuZzI3UTlJUnJRaDRnRG01Z2llenFEdWVUd3BCVUoreU15Y2xTaE5SOWp5clhyXC9FSVhqaTF3d0NwaVZsRzBuSkpcL3laSzNqeTk4VTYxbkhOZGhud0Q5UWx4UUZFVWF3TE9ra2ViVUZZYklCWEhkR0UyQlZJQ1FWMjJDQlVCbTUzTFQyT1d6Zjd6QUZKcUxkVU14WkwyUHpRczZFRmdHMW1LUjlNd3NYYUhWbWhaRDBOV3V2RWkxUmx5cVwvVG44SjNvUmllZFNUdEdja3MxMnZrQ1wvRVh4T00ydmVCaEVhcEF0eDhcLzJFWHg0eDRjdkpic205c21Vb1A2cmx1am9XS056eDJ2SUtcL1hjTGduTkhNYUdtWEJOOGtDc0dBS0RkNlNsNERYa3M5ZFFHdW55aHVIcWk5ME43cWt6K1NzWHhpUFdlRVpRPSIsIm1hYyI6IjU5M2M1NWNlMDlkMjNmZjZiZGRlOGFiNmVhN2FkZjVlOGY0OTJmYTkzODNiMjc3M2M1MDE0MDM1OTJhZTM1NDkifQ==', NULL, NULL),
(29, 'sidametrin 100ml', 1, 10000, 13000, 11000, 8, 3, '2018-01-01', 'eyJpdiI6Ikl6XC8zU0swWHZMUlMybGJNdXpqVzFRPT0iLCJ2YWx1ZSI6Ik1hb1FlMUV0c1ZqU3N3RENCbW9oc3RKekZTUGNsWlVZNE9NVGswS0hQeEo2SzBSaUtIb3E3OEFuaUdZSHBkd0xuXC9sejFZWmd0SmFMaUZZNFlUSUxTUlRWK1BVdUpxT1N4c201OEE5aEpBaHMxeHdGWUlVQU5lUFBZeWZFVDR6UWdiZWVrTXFLdk5yek5JRE5WN1ZCcGNWMldBcjFIM0ZLUEllT2c0eFRQM2FhejhhQWNnSzNwaG41S3NPWGNXXC9aNkl3akJ1d2pMRnFkWmxLSHFVKzNIOGNVQlpwWDRtRjlxZkZzUzJHclRVWklkM1NrZjhwdWNoU1lMUjNoVWs1cWZMQjVwZ1pNWUY3YlpHNXNMYXVBSCtaWkY3ZU1xSHgyWkRkYVc4VkZlZlwvbzVzQjlJZzBseGtkZk14eFNnZjNSUERyUnlCQjJUUUkrb3BaTEtSTVZIaHFSZnJSamhqWm1EcHdcL2plUTNYM0pJM3h1Y3FFN21QRVlOT0FxS1wvditkemhlN0NwaE1UQkNVTHRXTCtONmZJeVwvTWtxSE1SSGJQWGs3YmM0eGFjbmppXC9GVXFGYnErM1l4VExTRlIyQUxuVlp0SmpmM3pTbzFhTExsOStcL1BuNUE9PSIsIm1hYyI6ImY2ZjUwNmRiMzZlODMyODYwOGUxMGNkNDlmZGJiYTZhMWZiMTRlZWVlNGZjZDhlMGU5ZjlkNmFjOWVmMzY5NjkifQ==', NULL, NULL),
(30, 'sidametrin 400ml', 1, 27000, 30000, 28000, 25, 1, '2018-01-08', 'eyJpdiI6Ilkxb3hDWVBpdWZJQ2p0UWhNM0FyUlE9PSIsInZhbHVlIjoiRXd4eUxcL055eHdRdFBTWXBGUGRKbm9SYU5hSlhwTnVqVUwrc1U4c2tvUlV6MG16bktpTWVyMEZPVldrMEdYa2Mwd0dJRlJNWWdZemZ6cGdmUldwNWJoTElEb2ZiUGlHV2V6UFZsczVwZjQzVFRwazZ3cGNGYUpmOUoxSEdQRTFBMFA4bXAzcHRqcHBSOXhCbFdZdVQzRzV1eWYwSUZyNTFlUERyUTdIdmpKMm9RdFJ6Qytock4raXZrXC9URlQ4VmZ2R1FVT3dOWm9YTitcL3JrWHpvWGV6bDZqQVZrN0tqQ3VkUG9cL1B2RmtyZFIrSDBUbjN6aXl2M3RFTVVcL1FtZWdwTlVcLzF1c2tNT3F3RGR6YlwvYkxVSTJZMm55UmZNelNUWjdDZ3RZZnZiYXM1TkxtdVwvUzdIekZDSVpSRVNcL0NCSzdDcGhDMmVuaG9UMDZsVG1SVG5naGRRRTRzOWNvdE5rOTlUNXJlOVFKNnMyY29Na3pSalRqV2hJazJvemcrak5nMHI5RG5EalVxN2dwR3NTQVlOZ1dZNFhcL1A4dkNvWnYxRDFlVUhiQ3F6bFY3Nk9pcWlhNVZTeXFtR3FMbE02elFOOEJJVHVyQUhJTzFheiswdHVJQ3p0QUdJRjl2NHhwVjJJcUtQbExzWHRrPSIsIm1hYyI6ImE0MGQ4Y2ZlMGNiZmUwZWEzOTUyNmI3ZTJhMDcxZjVhOGE1NDI4Nzg4YWRkNmY5Y2Y2MTI5YjU5Njc4MmYxZjMifQ==', NULL, NULL),
(31, 'gandasil D 500gr', 2, 28500, 32000, 30000, 24, 1, '2018-01-08', 'eyJpdiI6Im1LOFprekFHODJad0FJdTNXZlNhN0E9PSIsInZhbHVlIjoiWmtvODl6N1dYS1dZSHBjd3ZySXNyMG4yWjlvZWx1MDR4cWtKNUZpRkUwRmFtRDlaVkJDMEVMQzJpR3JmbTlXeXR4SmhsaHRnTWJtSXN5QzhoV01CdW5YZ2tXMDdVZHB3TmRKTmZLb2taamdXMjVzdHlVQlwvd1JcL29OeVczWGNscFErMkwwYWFMaXdNT1BUY0l2alBzSWR5bEpXTjE4ajV6QXgza1pqczZ1NWMzS1wvcG0ycXNFeklmbGEyMkNGdCsxNXZaQ05IODVnUnYrcEZZM3JGSFFOcnFDeWJwbFdnT2swVWwyTTlvVG9LZG1oQmRTb0pIZzlyRVAxbjVhWWVhZnNlQWs1bHZRclg5MzcwMW9mcDhuYWp6UTVmcWhSVVEwd0NHcTNCTjBDRmE3SE5NK0RtQ3BvbGZTTWdqNFwvc2VNMnhvUUlcL2k5MVB2NXhmVE5BNE1tZTRRdDZ6QUk1NG5ORXZqQUthK3NLeUIwWEhLTWVYQ25JT043dDdva1REZGo1Qnk5N2VreHhEXC96dmJ6SEEzeHFncWxJZFBKb0FYK1JTcHdnMEF0QTFRRHZxczV1TE5wZk53a2oyQkRVbmU3cWRjTVBZQVk4QWM2RHJibEFnRU9zWWs2T00rZXhQeEJqRlNkaUZXYmQyc1k9IiwibWFjIjoiMWQ5NDBlZDg1NGZlYTY3M2M0ZWQyYzVkNjkyM2IyMGRiYTJmMTNhMWYxOGMzZWU0YWUxMzFiOGUzYzJmNDA1ZiJ9', NULL, NULL),
(32, 'Tigold 10wp 25gr', 2, 15000, 17000, 16000, 66, 1, '2018-01-08', 'eyJpdiI6IkxBXC83aXltbFwvRVNJRVRjU2hUQ2VKdz09IiwidmFsdWUiOiJRZThIemhkVkFheWZ0VnVCQjUrV0E2KzdGcGtNdkIyQVUzWWVMMGNyTVA1ZlRDaVZHdmkwQUJLcnBtN0tXYitBWGdKR1gwbERvNzFya3NoWnJKazNjRkQxTTRBK3dSdko1ekNHTm1uVHE2WFU0dFdQMUVrVERMUGpnaE1tV1ZwcFBkYXl0YjFYRjNZR1ZNN1BaRjdqazV2MzFEdXU5dWtwUE1SZDlNSml6K041bGF2R0FXYjBNZ1pEQVhJUXBNazAzTUNXSmJFUDZvaXJ0MFB1bWtUaHJFXC9Ya0NHYjlXNzJxcjFpVHVDamNJZ0RNY3BBVEg4bGtqXC8zN1J5ZkxRY1NLbFB2RUZPajA4WkpRSTlFcTVxNFMyUjlIXC92VzRkMFlOT2JBRTlzMWw2bm40SzlCZFY4OExKZjcyYlAreHVBRDJiOWJEUXNhdVJ2XC9oOW9QcXJGTG1ZN25MYStHZk42SXp4UmlKVWRVNWlUeUJ5dlRJTjA5QlozcXRxcU9hOXkzb3VocTM1cWk1VmxPdnQwelQzT0VwU3RHVWVnbzN6bVVcL3M0eEFuM3h6ZmhGU1phNkl2NXMxQ1FpRUx1MnRUMHRjN0hBRlwvOHgwNjBvTlVneTVlNzBLRHh3RHl0eWJmbm1PSzNPcjFocGYybz0iLCJtYWMiOiJhOTM0MDllYTJkMWJmMzU3YWMxMWZiNThjNDVjNDFkMThmMWIyYTFjOTRhYjAzMGY3MTU3ZTIyNGFiZjY0ZGQ2In0=', NULL, NULL),
(33, 'Paket anti gulma 500ml', 1, 128000, 135000, 131000, 10, 1, '2018-01-08', 'eyJpdiI6IlwvRVwvbVVzK2FcL21ramlVbHNuUHB3cGc9PSIsInZhbHVlIjoiQ1Y4XC80ZzZDYjVqWVR1ZWZ5SEp4WHkxZENjVVFlY05VZ21vZzlXcnUydzVqcWNFXC9LVDFKVUJhTnZJZm93MEppaTJWN2U4Nkc0bzM0ZHJvNXI4Vm5VY1d1RXZERjMzek9ZS3FWbUxqVkFmWSt6elRjd0hBb3oyK3Q5NThDZmlcL3RXMVNUUzVVUGs0c2hoSFNMOStIME5iQkdONkwrT1h2elZwOGJKSXFjcWhcL0JEWjRJbDd1TVdGTk5JeDJSQng4ME5vdzNud3ZEeVYydkRBcld6U28xTVJhOXZibDhzRCtcLzlKYldsVTJsQzVlUjI1WCs0Z3ZSMlwvM0JkcTZmQlFoOHhBZHJLWE5kbjVsR1lhT3p5NTFWT0pFRFFmalplMUJ2ZGZOR3ArbFUxdThJOXlGN0YwVmFVQkxcL0hqTzJHRzFpc0Z3eEd2aTBmTE1FNVF6eHp1bFNZNFVnaGhUWUQ3K0lqekhiMHoreXAzZVQ4d0VzaUVKZ1wvZmJWS0N4SGdIYXhFYm44U21IVDM3WGlHdTdSK3dpY2NXaFlybUhKVmFcL2phNDV6MkV1eWQyclhyaThZcXlhTUg1SUtFWDNaTjBTeng1YWtXdkxHOEdZRVUrTVRXT1RCSmJjMzNlY1h5R0JoV21VWGtLT042OGM9IiwibWFjIjoiN2I3MTMyNzNkNWZjYWYwMDBjZmUyMjg1MWExZjU5Y2E0OTZkODkwODMwYzliY2NlZDhhZmFmZmU3NTBkNDg2ZSJ9', NULL, NULL),
(34, 'Topshot 250ml', 1, 80000, 83000, 81000, 7, 1, '2018-01-08', 'eyJpdiI6Ik1IV1hYRkIydGFwMmh1eVZ3dmo3ZlE9PSIsInZhbHVlIjoibmpPMEtrc1RiRWVqVVVRa3dGS0xqSTZPeTlJTVV5S1p3aGNRRndLd3pqajJ2UVJqYkhcL0FhTEdKNjVTbEY3VG9JUzZnXC9kbFV5b1Z6eFwvcEYrOHhQdGZlUlNQbENWUGtTWXZqeXQ0QVd2NVR2cnNYVmhqUEJwK09ROUlsYjhEcTBSdWpYS2dYMUcyUHAwWTdHV3BMYlEzREJHdXBQV0ZJTVo3OFhqb0czK2ZTc1hvSzZVREp5WmlwdGlkZTdpSHBOMUlva09udXJFK1wvd3k5RHJ1MnFVc2ZVdWdsbW5ReGhcL1wvbUd4WWt0N2NJQ3VuaCtFaldvRXJuRUNhTDg4bkxjQ1R5QVwvMGtJU1wvUWhrU09MSk82ZzFDaXNra3V3NXpHSHlyWmZ4OWU3UVdKOG5CYUxjM3lwem1tbk5EVEExWXJcL3lQaXVYVkdsNmR4TXBGdVdmeFhjTUtDK1FrVzExXC9XbXNqS0ZKcW13SlFMRnBWTFJIaVlER1BpYm5sU1diWHNuajduVTRnYXlKWFlTSEVRdHp3WERWeVwvWjc5TVR0dXl4dVdPWnVNK0RTclA1MWdWNnZDNVhncE5qdkFtNjg2WEpiWWRjb3AxTE1YQ0ZSZUNaNlZtb0s4aWVMVldrZGN1YWNQcUhcL1pkT3g2QTA9IiwibWFjIjoiOWE2ZTJhYzJkY2Q5NTIwNmY1ZGE2ODk5MmJjM2MwMDk0YTlmMzQ0MjBmZTU3NDE2MjUxYmJiN2RlZDY0MWVlNiJ9', NULL, NULL),
(35, 'Topshot 500ml', 1, 151000, 155000, 153000, 6, 1, '2018-01-08', 'eyJpdiI6IkhORzlnbjZoQzJOVVd5blJUNkFRMkE9PSIsInZhbHVlIjoiXC9uQWJ4TFYwaFQ2UzU2eXk0QWxScjhVN2VrSGJzY0NtQUdWVzBTcVwvXC9wQTkzNVJjZENWQmhGRWwrVjV1ZmVyeEdZRDRWdHZIY0UxdXlFdXlIWTlwNlpqanZ2TklCamgxdWpVMzBGcUV1Wkd6M3Fmd1ZrVFMyQTY0Qzg4Tk5PV0RJRDJ6clRESGtwZ3ZQWG5ZWlhzeFVnYUdKa2xWT3d1V0ZPeWptYnhER0o2UFhNTmJhYVY4VHd5Nm8wenVkVnRQNEFzekU4Qk80ZkR0N050azRPc1ZIWHhNeHlwS0NsVGlYMEdvVkcxWWxjU0RpZVwvcE9LZmZoeHBNdFZ6enJ1a2o4T2hzTXRJUGUwTzg1Q3o1bnJ3c0R3NkVsK1YwUlIwcGZpUFU3S0ZiUzQwVzhSakVJN2V3T290TnBaT3lRS0RtNzJ2TlhOaHBHd251MEtPUE80clwvcWpmOFoySFNsVzRhRStDd2JzYmUyTHNEU3VKa1BBMFdCWjVNVG93V2sybEphb2VJUW9hMG1mZEx3TnNpaENcL3FpdGpIYzlJWmNoclRPUHlsb0tsVlM3V3VrbXdDamQ0SW11ZEpYQnI2TEpUczZYMjQ1MEthNStkRzUzZ2R6VXlodHU2UHdCQ0VaajBjMFREOVFqSVl3bWM9IiwibWFjIjoiZjc2ZGUzY2E4MDc3Y2MyNDU0MTBjNmQ2NzZjNWUzMDYxNjg4YmIyNWZiNzEzNTgxNDA4NzNhYWUxMjNiYzlkZiJ9', NULL, NULL),
(36, 'stutman 500ml', 1, 40500, 44000, 41500, 10, 1, '2018-01-02', 'eyJpdiI6IkVMdFNlWWdEV0JwTjdwaVE4MjFWZmc9PSIsInZhbHVlIjoiMzNjRkFpQ3poWVdDQUVCbnZLS3paOWJaa1RBTWhJMExKdEx2YmkwNHFZNjk3WGJQaGZRcEpDZ1dhN2JuNUlcLzJZczV2ejVcL2E0Tmd5ZTZpcElrblhIUkc2a3pHVGxoeVhwMkM2NEhWQlUrRzFPaXRmVGJ1bDE2RVJTNHBJa1lhVTk1ckhkTlpuRXV0ZkMzWVZZT2FxR29sMnhrUlZnMmVCSXVKM1k5cGZRNVVFV1VsWDI1Uk9WN1BjNXBwRzF4WStpVllQclFhT2tRRWZLakpJbHNPUXRwaVhhU1EzT1dzcitLNDBPSjVMUk83NTR2NngrT2lDOFoxdkR2QmNSamlkaUtQMiswcjlUU1VoV0pOdytSSExaa04ycVlNOUdDekFnbEtRN1F0TDNDaFBhNndWTkNUWCsxb3FcL2VuY21ORGx5clQ1WllSK2JBeTJlS3BTWDcySlY0OElLQkJFYUt4K0p4eHc3Q1gzWU5TVHYyNE9CZ0V4OGpJWFdQVzNIQU01TjBlMndsZ2hiazgxd1lOVXdheWhrNkV6SUplSUtGV09TUnBwV21TeWg3cWpVTUlsdWZzTGRzR2ZWanp6S1ZseFVDb1NFTE80RWltUDVweURjdnVUdG5xeVwvWlY1ZTduNE1rUk4xdmZLMGtVPSIsIm1hYyI6IjNkYjM4YWE3YTlkNGVjNzUxZThhNzk2YWFmNDlkY2RkZTZhMTM4MmRjYzBjMWRjOTQ5N2VmZDJiYmU1OTE1ZTMifQ==', NULL, NULL),
(37, 'stuntman 250ml', 1, 20000, 23000, 21000, 9, 1, '2018-01-02', 'eyJpdiI6ImNGdCtyUDJBYTIweVVGeEYxTGY2aHc9PSIsInZhbHVlIjoib0NodHhZVk85Y1hJMTQ3aGdIWWpyUmFVWW9ROGpQSElvWXRUWWt1SWdlSXdMRXdNZlNNd1BDQ2RIb2ZuY0taOWxJWkl4c1BzUDJHbkVcL1pVeURWOXd5bEJPQ0ZGWEVZbE9BRlpJRFk4M2hLUUJDTTZCMHExMVVwRXlOZTBZR3FSdEI3K0dIU04xYmtcL1J5U0J4bEJpREhKUHRlVHpHNUg5dWpWTkZ3UEhodkJRd0g5eEdWT2w1WksyM0pYVERoUGVSR1hvXC9ocEpOMHVNQWkyWTE1OHNvSnc2UDRFV084SEwzdlJUY3ZObkVNNmR4aW9PMHVVaXUrQlpERlkreUdJc3RDdVwvR3NYaXNKTDhyb1QxV3pPS2MxQUpEZGdoWlVKaHp5RHdsVnRCUkp5YlhnMGRqandaUmZ0ZkVXVkJEMGdnV2RjM1dObmJCUmptV2loRkNqaEw3SGNyZkV1NVZ2c1p5a2JDeDhPWUNtY016YjE0WWlIVFVDallFS1NVNkgxd0FDbCt3a3NUaFBHZ01zNG9uSHdWMERMaGF0cFVPVzBVaUlhUzJzZlYxWWpzSTlvcG14VGh5U2lQMDlZM1ZkTmlNYVdTRDVpWFF4VDZYcnFJdVZYSExwUkRmSEo4N3Y0NVBEdWw5OE54TlB3PSIsIm1hYyI6IjE3NWIzNWZkYzU2N2IwNzI4OWZiYTc2OGY4MTkzMzUyY2UxMjA4NDM4ZjVmMDY5MDJlNzNmMDk5YTcxYTNlNWUifQ==', NULL, NULL),
(38, 'sevin 100gr', 2, 22000, 26000, 23500, 9, 3, '2018-01-12', 'eyJpdiI6Im8xOWRMMlJaT1V6NW1JNGRCb2J0K1E9PSIsInZhbHVlIjoiNlMxVWN1XC9cL1hLa2xVSVJGVzBURkg5Rk5cL2dIcjBjNng5Rlk5U2lMVnBLbVMwRW5KT3B0Z1JQZlVKU3ZHcDdMOVZiRmdqd1BYUHg1UGp5VitxK3I4ZHNmT0hOOTVWUUdFVXo5ZCt3ZTVHK2x4WG1xM2R3RE10eENHY3VreGR1dDdNNXdycTdVTzd6TCtWaTlOUnNIblAxU2k4eUt0UXFwSmM0TXhDbXQyOEtXWEpnYkYyVHczSjZEK3RHcDlIK0lDN09iaUNsMytTUlhQQktWTDY3MUtRS2dpVHc4aG03ZnhJZUN3OE82R2g2a1hVU0Nwa3dtMUZ3d0F0NFBDMFJnUDhwVXB2Q2twK1dRS2JJYks0bFZGa2Noc0xnSDNwcCtGN3NLNUtwSlc0aW1PeWw5ODdWRWNBSk50OFl2THEzVFllaE9TVXZjeGN2NURBQVVRQzdlU0hNTm9kTUdOOXlpeUZVVU5HVzFYOUJPdEV5ZDdyOXpcL3IwUXJOYm1OckZSZHhrMVNMNEpZZzF6R01OcjAyK0FYNklrZkxLQXhiZ2ZvbElobmpRMFN6bjI5NFJmTFQ0dzZTWXdEdlhCS2dpSm5IQUlPXC9NdnFTeHlcL2hkdXBMOXZtXC9nPT0iLCJtYWMiOiI2NDY4ODA4YzY0NzE0NTYzZWQ1OGRjYWVjZGY3M2U4MjJmMTVmNzMyYTZmZWMwNmVkZDllOWY3ZDYzZDc2ZTc5In0=', NULL, NULL),
(39, 'gandasil B 500GR', 2, 32000, 35000, 33000, 10, 3, '2018-01-12', 'eyJpdiI6IktDZDNUSUk1UE5jeXV6XC9nOGVDSGd3PT0iLCJ2YWx1ZSI6Im1DdE5KUW1VVll0ZWd1VWZhS2RMOTVwNGhOdURCNFI2TlhMdUpqYTE0VEw0WWNPc25Nd3dWSzJiUFM2N2VEZU1wWG5cL0JZS3MyV0RCS3BkZVhVUXVneDZEOFdBcmdYOERWNHh1WjZGWnhROGRCdUJKU0J5QmVYZG9QXC9XdlZkVlNkZ3BrQnFJUlZOXC82NmVWbVdTSW45UTY0QXNJTXA4SzA4NE5BMzl1RlwvZE9POXROekhJUjQyTzZka3U0aEpwQ0FUb0pZM2Z6V2tQYktoRFpuelZFVzdlVk93aUV0eTRcL0FXOExWRm5NVlJ1VHR5YlBrWUxjWDhNblwvTE15S1B1WWlLRzk2NEhjOTByK2VtOFNBZWFQNGJpeTczQ1wvTWNBazRXRnAzNGMxd0dkNjR1eTR2WHJWN3FyOVJVWkN5YURqVndXY1RmejJyVEgzN0RXM2NVZGhzbXQzSUtyOW5MMDFWMjNHUlI0WHVhaENsblhBMnA3N2VzUVwvWmI4cklMbmNDaHVTV01abE4wUHBFUDY2S3hlYVB1MmNMdFh2SHNvY0poK3l6N3dXV1lIbnF1aHpmZTk4SHFKd0tqR3MrUVMxaTRneXA5dVgwVGNqWTRzaTRKUkx5Vzd5THBiSjVxOENLdXdOamE2K3lVSVU9IiwibWFjIjoiMGVmN2Q4NTJlYzA0MmU1NDkyYzdhM2I5NDk4Y2Y0ZjBhOWU1NTNlNGRhM2U0OTE2NDczYjlmYjZjOThkZmMyNiJ9', NULL, NULL),
(40, 'Ally plus 77WP 40gr', 2, 8300, 9500, 8800, 350, 3, '2018-01-12', 'eyJpdiI6IkxzTmtqMkxnRloxYkQwZU4xZWhZOEE9PSIsInZhbHVlIjoia0paOGFXc3pkcTRBdGZhVndXYis1TEpseE9MYW1lZG1GOTQ3aG5lYm9BdlYwYW5iTElHMzdjWU1kcHhRNE9MdkcxZFVuRU1QaXlQbE9ySHNuVkVpN3pnMEw1bzFydGZQUVJTdlcxQkZDTjlyQjRYdlpuZVZZUVpjUmU1dTM3YWhNVUZcL2JQbDZHQmpsQjRhQ2ZKUTc3ZlRqSlwvdE9uejZuSlwvSnM0bjZ1dGZad1g5Y2ZxdVZ1VXVCMmp0azJoZkwzd1k0WVV0QVpWaGd3KzJ1M1lJTnR5MmRVMFlIVUFTNmNzc2hieU5VeWFBTEV6WndjVFJvZ1BxVzcwazhyZHdrNjVcL0E2RzA4dE5VNzRuMjNLZjFyQkV3anFnZU9NaHFCUHVQandrSnltSU5ISUlnSGhvXC9IS3RDY0U5U3l2WjJGUnAwMFg5aHArUkNNZGZIQUpLTVpjRHVYekpUZThqY2sySEtiR2IwQnBJcUtBc0JVZzBiT1ZQOHNoWmlsbEl6N1wvQ0lMUmoxcFlxZldLZ1R4SVwveE9YSnZQWElpYXQ0and6dEhmTTZhTStEaXl6bFNMZENRRkpMZzdsaFh5enJtN1ZFeFVuS3BVT2dqXC9wZGI1QmZUMHRyV0kySGFpdWpOeVdJZmZSOURPSG80WT0iLCJtYWMiOiJlNzU0MDZhNzI3ZTY0MTZhMWVhMGJmNzY4ZGEyMWI0YWZiYTRkZTJhYjk4YTE1M2JlYWQ2NmI0OTQ3ZTMwYjA5In0=', NULL, NULL),
(41, 'Cepha 100ml', 1, 23000, 27000, 25000, 5, 3, '2018-01-01', 'eyJpdiI6Ing5WmtYY1k5WmlaMU41a1d5YTQ2UEE9PSIsInZhbHVlIjoiQ3hPeTR4TlIxQmt6akVsMHlaYnc5V1lucXBqMHdsVXZcL2YrWFlFSnZGcjI1cERmV1k0RjNsT3Y4azB6MzhpSGtsU2RnNWlBaTNkN2xJUnlFWlYrN1dPQTd4eTZPdnRjdit6MXYxUnlKS1wvMmlaN2k4VXNPdnVtbkdjVjg5bnk5QUJPbXJpaXVJTkI1S1JuMks3VkxpM1RvOGRRNG1vZTI2K01TUjgrbVwva1FFUXE0XC9Yelk1b1A4UGJFYmtqV1pWb2lBakxUWVp3Sk42UTVqNG5FVGJ5VUxxbDBMeHROc3k3R3JKbFBrdW9LZFc1Kzl0SDhiaXpUc2ZaVU1JTlVhWnd5UHVrNWE4SVp1dHB1TVZ2Rzhkc0tiK3FsakJEZ1wvdlhzUDQ0WEowNHJnMURLeEZNaElHYW9paEJCdDU4YXdKdmxaWm1acDhUSHpiaWQyQmhhWEEySklmemNWN1VLakt5S0dGQWZ5NkJSWTY0SHZsb1ZMZ0JRQm1EeVdQNGdmMWFKREVrNXE3aHlVNGF0ZmtZNW1KWGFQbG5OcFB4OFhVZ1lDcmpWR2NjR0VkeDEwQ3daWnFtMmNNUGRVTkpwdFlMcGpHNjhJajlXYmcyT0I2Z1ArbU9JZz09IiwibWFjIjoiZWIzZTVkMzg1NzgyNDBmMjQ0NzhiNzNhYjNjYTIzZjY1OWYzMzFjNTVmNThjMWRjMzQ4ZjUyNTZkZGVhYWQwNyJ9', NULL, NULL),
(42, 'Roundap 1l', 1, 74500, 77000, 75500, 10, 3, '2018-01-15', 'eyJpdiI6InZqajJZVUdvanJTRWpiUUd6c2N5R2c9PSIsInZhbHVlIjoieHdBVFlMNjBib052U2plcjhHRk5JU1wvSkMwV3VPbkVVaXVqYk1sVHN0bnIwMlwvTUhrZFpJY3ZOMTlISm5DQWRuNE1jK1J5dXBETDJneHRrSzhOZ0grV1wvRUhYTEFxUm16VnBhWlVBSVM3TU9vRjJWeWIyKzI4NUdIZVdOTmhGanp0T2xTdmdySENhc2wxMzVKT01pRDkyVnplbzZCM01RXC8yWnFGc2p3UTZOcjg0Y2NYbnFFV0RocEUwQ3RWdDRUa3UzajBaNGoyd3gwRkVLNFFqU25iREhHN01MTU5KamFVM0MzdFdJV3BLS09jcFhrTWV2cnFhVDg2UjlTWVp5RXRiR1lpK2Y1SVhkSStDQytENm0wdFA1dDJpSjQyT3dDVE9pT0VleTJnSzFJbTZBMlR4VjB5VTBETFRVdTJ4NlwvMWVjUjI5ZUJhSHo1SElzVXJ5bUlFSGtzUnhxTTd1ekdLeTVURGNtaEhGZ3JuSjVYWFpNclhNNm5kZU14c1wvZ29WNWgzdGZwZmhvNHNZXC9PK3NzVWkxZzk3ZW1idFpFTGVQNjFCc2FoSG1qWlY5a1RidVRsekdCSHlacnluMHBSN1wvdWlNeGxQSXpUS0JzZGVnZG9nb1cwZz09IiwibWFjIjoiMTZjMzQwZjY1N2YyYjkyZmM5NTk4OGY1OTQ0MDk0YzQ0Njc0NTc0NGFiZDdlYjA2OGI4YTdkYjlmODE2ODdlZiJ9', NULL, NULL),
(43, 'Convidor 100gr', 2, 26750, 33000, 30000, 10, 3, '2018-01-15', 'eyJpdiI6IjQrZHZ1TVpyVkxOVTZzTU9hQiszQ3c9PSIsInZhbHVlIjoib2VPUGNDNHlZUnVCWVp4blhYajQ5NDdPZFFXVmFYcEliVDlSUUxhSGVWTGczNWxPdTNpSEhyaG03aEtDUkxRNkpNWUFZQzAzT1NOK1lCK0NxXC9WaTVqblEyaVBLUTUrQmxYcXN4WDlrYUd2R3JDUnJlZ25PRVVWXC8yV2ZzNUFLdDZ6VUZwTnZzdFFsWHlnTkVqMW5cL1FjcE1ocGk4eTA4OTVwcE9taXBlTGVlTDBXYTBMZXdMcExiR0dCWHB0RjBWXC9CcFZwVzVYbzZXakdrTjJrZVRiemcxc0JId1wvNzN0VDJNc1FlaE9DWWQ3TDlEdXJ2R1RWNElBajU4M3EzMFJYVXF4RVFRWHorU3drSTN4Y0pKd3N5ZlwvTndkbzUzMmJkb2pydXlaSTNMT1FsZlhaUHlGZGd4RXdFKzVld1VGR0pJWWc5Z0tpOWVcLzd3VllyY1dIQXQ5UFZSQXNhSjFKRXBcL1c3akppUUJrc2VGSVwveXJJQmZnbWpIb2hmTjI5M2NoUFZ3SlpScWYrN3VBV3BYbnRraytpMUFGNW5nRTdLaTZvTVk0bUR3cElEUXZwamZXMjlxaHRQaHhqa094ejRyZHBaUXBDNm5qZTNQNjViaFU4NWNSSGc9PSIsIm1hYyI6IjI1YTE1M2IxMTQwYWQyYjJhMGMyZWViMjM0NzE3ZDM4ZTBjNWRhYTkzZjhiMzk1ODZlNTE5M2YyY2M0ZDk3MWMifQ==', NULL, NULL),
(44, 'cruizer', 1, 25000, 28000, 26000, 41, 3, '2018-01-15', 'eyJpdiI6ImFFQml3VlwvNUpGVDR6QnNpQVJFdVNRPT0iLCJ2YWx1ZSI6IkR6WWU4SUFONWJJR3FMRmkyYjIrd3pLcmduWkpvSkp0OTBtMWNwU2dSWU1oSGdwZ0ZwKzI5V1hvcFBIaWxkTnE4cDhPM3RqM2NNOW1XZVRTaFZucDBRTDE5T0I0VEh1OEppNVJ1WUxVWmxnYytEcmpiZFFweFk3WFg3QXN6RmR4bitOa0NKR2c2TFJpTDFiaDVuQ3A5WThpc2t1Q2FMR1ZLMzVaaExcL0VDZXBDN2FLMnhLY1JcL2hnaXVIK08xTmNsTlhFK1BhalNxOGlNemxqMzVRUWVKMWduZDBkNDF5THZiMWkxSXU4dXRlXC9naVE5amNIaWs5ZEVXWUZlcjVyamc4eDIzb2JuS0hUVTFwRlo2alRIZkU1SnordWNDdUM4OEk4eHBGeFNHWjh4ZWJFUDVoY21rQlNDeDlCUXNJXC9MNkNzNXZDcklqMHJlNkxqUnhxU3B6ekRlTytWUG56NkZmVW54bDhaVERPSVZhUHl5NUhZaWNTOU1Ga3dEdk5aa0U1WGUyVWFqY0Y5bGZlZkxwcTNKSzhPVlwvUGZYV2xId1ZET0ZlUWlEWHhGKzJJVG5Va3UwM0xYcU1PQ1V0bG94Y3BvN2ZrQU55dXJRMnBNU3d2aGR3b1E9PSIsIm1hYyI6IjIyN2IxNTdlMDY0MjUxNGVkNWU2OTQ0YzQ1ZTFjMzAxZDcyZGQ2MGZkYmFmOTMzZTMzODc4ZmY2OGQxZDlhY2YifQ==', NULL, NULL),
(45, 'Sidafos 1L', 1, 51000, 57000, 52500, 15, 3, '2018-01-15', 'eyJpdiI6IlJHeHdPbVgya29LZnd5eE93VEg3SkE9PSIsInZhbHVlIjoiY3Vna2h3a3hDS2ZjZVFcL0lHTU5ESUtxN2tiK3hjSjdsZjVEeHR3M0ErMktMMVwvcU5LVnpNVlRkZjFqSXo2dVwvRHR5WWNxMEhiVHJWNWQ4bFwvQ3d2ek5vQmlVXC83eXpNUVVXc0oxMGlIejlITDFtZlNEMjV4Y1Nub1NcL1wvQmZKZ2pvWlJ1bmk2RWJKWEFNZWwySnZBZUx3WFpDejd5S3NqdXBVNUtzZVFzZjE2bkhLVmMzNGM5T3FIMkpuODNBdDRKUjQzbmdxQk00NllPdTA0N3ZCTGJPckJvK1Zpc1g0bTBON3I5bWRuV0JuRW5cL0Ywc1BUM3g3MDllNlwvVzg4MUY2Sm9tQjJ5eXhFXC9Zb0tyZEtiZWRnUHNNOGdjN1RVb1YxS3prYzVGKytOaURSXC9KWG11RFIwMUw0QkVMdmR5UFphcHNpNXF6MFRMRkpkYTRaZU9VWGdla3Y5SkxvY1VpeVpWWlVsNzNSc0ZBQ2ZGMFZiZ2VraDdLOHpqcVwvamFxUkl1N1NjczcyVFhTbzVpS2tYWFZjc3JGQzU4bGlqeUpZeGxXcVwvemlJWGYrVWtQRjFleXZpTCtpRkJOQTlnOGFRc1JjNGZtUnY1QTlPTUJHYUxcL0E5VDNmdz09IiwibWFjIjoiMWI4MmJmNTlhODc3YmMwODk0YWQyN2JhN2FkZGZhYjg3YmQ2MzBkYWQzZDVhZGRkZGIyNWU0OGM2YzkwZDZlZiJ9', NULL, NULL),
(46, 'Arivo 30EC 100ml', 1, 9500, 13000, 11000, 10, 1, '2018-01-02', 'eyJpdiI6Ilh6UWNySXVUVmxNUUhaYVI3ZWNGZXc9PSIsInZhbHVlIjoiMzNkZFpqRm9ZaVM2ZmdTMDBDckhCUmRtcHpSblZHd3h4eW9oNWVOZWZkOWxUbDZsOUZFa0lhRGV4dHRXSmRubEFuQkdpWTFCTkVUTGp5UEZHcnQ4SjRPbHBmN2lNRkFuOWVWZ0lIMlpSeWlsN08zVkQyQTQ2UnJ4TnUydmZrM1NJbnZvTStpb21NNzVFS2Vzc3cwZU5qQWx4YnZCbjJqN2ExQXVGWTF0UVVydzZYV0NuVGFJdWl4dmJQRHFyclgxTzc3a2dBbENZVlJ0YkNhSEt4T0s1blI0dTJXcEtkNHdvc1ZwM0tYazJ4dVRIaUxTYnZTYUY0cWVPdHlRaEZ3N3had2xzS3BGOFl1WDFUb25CVnJCbGFTT0xZN1wvRjY5M1NDTFg3VzJYNGZPVUEyNWZPZnVOV1pIU0x4YjhIZVwvd1c4N1hFNVd4cjJJZitLTzd3NVVqaWV6OGpIaGhXbCtOWlNsN2pDcWdSM2xBZ3NSN2JnZytzQ0RNNUtoT0hQMm15SWFcL01YaWh1MjdwSmpGQUZnRHo1M2I2dldRN1pCR1wvaXh4ZDVycU5rcWlNVmJnTlNxRzB5UHlLZUFGOGx6Y3BVOXBRMFc4KzU2anUwd2NkNitlZndGZWtyaWJlQVJ6dythNzZvcnpreXhJPSIsIm1hYyI6ImQ1ZDhiNjVlNzgyOGNiZmFjNGQzMDQxNmEwMzhlZjNkNmRjZWQ2YjM0YzQ3NzBjODQ0NzM1MjQzYWE4NzlkNzkifQ==', NULL, NULL),
(47, 'prevaton 250ml', 1, 125000, 130000, 128000, 4, 1, '2018-01-02', 'eyJpdiI6IjU5bjdCUUZJR3paUkN3ZXA5SHVzRkE9PSIsInZhbHVlIjoiSnl6dTI1S1Y2UkZYdmNienNuXC8yVEJwT0U4cWYreXQ3aDFLRWFKR0c0eW10VldZNzdkNU00cTU0cHR2eWxQTUZEZUVzSFBpdmhKVW9vXC9jeHJPT0FZdUZDbVRyY2JzYWc2bmx6SVgrcXVia0tNMTRNT2ROY25ZK0UzUFhWK3pJZjFJTlpRVmpzWmczR3dcL1MxMmd0Q2cyaWNXUFlUQXhcL1htbk1rXC9NekNMRlNETmdCejJ3QTlteG1xWTM4d1crYlc2XC9zc1dtcmllVVIrTUlUeHUzazVCYjU5R3lLd3d0ZEJZSXhqQ0FPMnBEQWk0eUN1WEdONzc0cFp4cTRMRWxcL0V1Q3J5VWlDTnRcL3dCMzllVU9JRVZLY05iXC9mK3VIaW1lME56WWFtSzN5K1J1RHlDYzRFVUJmXC9HQWE2OW0wenRyQ3hOWnpKajNzREVKVWR4T3dcL0ZkNVBcLzZQZ0l5WHhcL044bVM2clVNSERvU3hSNko0YnZtUmxRZDU3bDdKVzRqNkFlSkZPMjlrZXdYSUhYNmsyZTV4VHBRcjhVdW83YXJ5Wm1pZDRsZWkzanBvUFFCUnk4Tk5FK3RVSXIyR3BcLzd1TzNaUTJFMHVtSVdWUjg5b2FGK28yZ0Q5Z3NGSFQzNjlLMTRFUXgzY1wvWGc9IiwibWFjIjoiMmQ3MzMzMzEyYWYxZjM2ZWQwYWQ5MjEwNTNjY2QzOTI4NWI5YTA3YjlhNzMxMzYwZmEwOTk4Zjc5Nzk3M2Y4YSJ9', NULL, NULL),
(48, 'SUMO 250ml', 1, 44000, 47000, 45500, 10, 1, '2018-01-02', 'eyJpdiI6IjVxNlwvUUNUd25SMmNaNERSSzdoVG5nPT0iLCJ2YWx1ZSI6ImZIbkZnMU5HVVpEQ0VvZ1VhcFFiaGFJS1ZrSXlhaEZQNFBZN2lqczNtQzNzbHp3a2RIbG5FWUhoYkYyeVZTOEdkNUVvaFh3dTdwXC9cL25mNlljRGlYMWJ5ZHNyVndvbzU3eCtXQWRmM1Z5c21neHVpMzhOU2FqWHc1VEFUdW5RRTBMdnhGYUFCYzkyVEZwTmhxUHlvQm9iYlwvVmVLYU1ubmxOb0N2TStzRHdhRTAxRGtkV3NlaEZZTVlCamlrQWltbGEyR0pxMTRUV3kzbCtDb0p5Vkc4MFNJbDd0NGlBNjVOVHR4QVlcLzFLYmVKZ0Y2K3hNMEdmbTlmZTh1dGxBR3NIZkZLTFlxWjhWRkk0VVBiUnFTdkxzSHVXeGdWRkRUSDVqME1MSTJ6VjUyb2ZMSGJoZzlGVnFiekV3a0ZTVnF1ejF2UlNvMExnNU0weWVySGEzSU92OHBzbTQ1RVwvM1VVaHlaS1FvQ0lTbWVVdUVYVHFySTJpWE9mNXBYVjc4c2Z5UXJZdForbE5uejRlTlJaZ2lGM1JGeUs1TDZCeThRN0NsRzBtS0lKclFhZXVPbUltdG1UeVlPY2MxcDBhUjdoV3kzbVA2OXd4N29IZkZYZEQ2T2xuYUE9PSIsIm1hYyI6Ijc0MDkyZGEwYzkyMjk1MGNkNThhODdkMjU3OTQ5NmYyN2ZhYWZlMWJlYzBkMTNlYzA3NDI0MGE3Y2YxNzdhOTkifQ==', NULL, NULL),
(49, 'Dharmasan 100ml', 1, 20000, 24000, 21500, 6, 1, '2018-01-02', 'eyJpdiI6IlZCQjB5QWVCcHBjK25pWTd2QVgwZXc9PSIsInZhbHVlIjoiaVdlam1wbXFwTjVMTjZ6YWJLenlLRktUcjZoaEtoNTZlbVhhUjhkb1E1XC9zNzN4dDYzQnY3V1gyNE1oUk90TzJCMzNXKzdJV29sSXFqZVVjZXV6K2JIcmRIZWwxU0ZBQXJMSGtCVXhSOGFIZGwyaU1xTTJZN0lpS2Y3ZEVaNUtnYlRBV0tJNUtrWVpxazNvTzBHcm5QQVowZHE0b0U4NSszNUd0M2k5R3FxTUF5SHNIallUU1k2Y0trdllWeGtFeE9kWnZRRFNcL2Vja0xoZEx5aTVNeUYrYmcyOEtrWFwvUnZYak5mQzcrTVRYNHJSQWNpWGFvMWJycytwRHFQY3lvQXJoemhNVVJCRG9ESDdaVW1YZzRlWEZNV0hwZ1VTdGZVQXlkOFpkTnZWYWdWNUFCWVVZa2JxcWs0WmFUc01EWEhlNmhBMDkreldROUxkSnkzY0t6OXJqd3F5Q2pVdkxFSEhERk5talZFNCtVVTd6UjlxNmZkXC9vT1IyTE1nVmw1Q3RCajBNV0xoQUdpTTR5aVRLR2p4MmpSTXNBc2dKVHdJcHpKU0pLWFwvSVRMWjhwWk0ydFdyVUtFUkdoZ3N2SU1SUW9uc2FFMHN6eG1KUHVRNmFJRXFjWnZ6eFU1RHl6enJ3SUtvMXVycnp5ST0iLCJtYWMiOiJlNzQxMGZhNzIzZDY1NDQ2OWEzOTAzYmZkMjM4MWRiMzMxNGUxNjQzZDE4NmY2OTZhYTU4ZWU2MGM4NmFlMTY2In0=', NULL, NULL),
(50, 'Virtako 50ml', 1, 103000, 106000, 104500, 5, 1, '2018-01-02', 'eyJpdiI6Img0RlQ1XC9uUFA1cnhsM1RvTmdLVThBPT0iLCJ2YWx1ZSI6InptMUtqeHBSbThONGxcL3J5aktFcTBJcTJQRlpUUyt2Z3pPOVMxeldPdmpCSXZISE5XVlU5dGZnY1lWMSticGE1SU5kYjNEeEluY2h0a1lDXC9XQkdsN3ErdE5VWnNsVnYyaUVLYVBPQk8zcE5mUHVRM0UxZDU0RU9lR1FvdFhkRG1VNWljUzRsRGJHYitFdU55bVV3SUQrOThleklqVytVZlVKcGNnR1BvMmVzeTArZDFCV1wvNzhoendvZkdwY3RpUUtqc3FOMDFNaGZydGd3azhoNmQ4U3I2YUwxT045NldTTGNTdG5IOFlHQjFEajhsV3hXVUIxXC9HKzBJVDNXWjZpRTJsTzYyYldKQ0h0MG1iZFB0MmdOanBoRjNPVmpFTEdWVnpwRVVsTDR2SXE4T0FLblZKRytPK2VnY1ZDNzh5U2srNkZRYkJjNnBueTRtMitteXc2YVJsYmdUa21VbDlGS2hkcVN1VHhIRXBTU1hNUEwrbUNEdEdVVHZtd0NFMmdZYUZwTkgyVDFtSEF3VXB4akphUW1kcERwbWs1cEI0cVlpb3hIV1lDQlFWNkRETUVxdk5kZGZvZUhDWEtWdER3Z1NDUVVEQ0FWWmJKWkowa3VIVnlGcWhhZzF5NHc3dmtTRFU0WklvUHorND0iLCJtYWMiOiI5MzUyODRhYzA1YWIzYjVkOTYwOTkxYzliMmNjMmY1MDJjYWY5YmQ2ZDAwMjQ4Yzg3NzQ0MGZjMzJlY2UzZmEyIn0=', NULL, NULL),
(51, 'Prostiker 1L', 1, 14250, 18000, 16000, 27, 1, '2018-01-02', 'eyJpdiI6IlhJNFBzMzhFTmNcLzd1dE5sc1UyOUhnPT0iLCJ2YWx1ZSI6IlJYQnFDYjVVT2UyTXp2THFqSE1pRFhwelVjNjVNR0ZyTVlDcDhraDI0STlFRHhrVUtpZndLQ1RSbVpiMlU1aElPXC9wYVNUZHVhMXdxNmEwSklwWk80bEFhZ2lYSUZZVFBXXC8rOGJCWFwvdzdZRklhOVl0c2hzaDB5YXAyWitjcCtmcno0anByZzlnU1dYOHNkc09LRldnWXhMdWE2Qk5YNUlNbWFVaHRlRFdjb0lwc21cLzFDbU5zeUZoWGlGemgyeHNFSGJzeXRjTDl6YTJPTmdmcVV2d0ZGS2RKRnE0Y1ZaNzJDV2ZWWTJOK3ZTWGx1QkdENTNrTWdaUlJcL0ZYWGVoYlNjSkNuTEp4VzdOeE1vdG1EamR2cVBJNHg5c3VRUms3WG13ZWxKSFZ2UUtvQkpZdnRLNUdlakVDcThtSHJWV2xibGREMmRqNUVpd3BzNDk1VHU2dUo0WjgwZmFRbHdsSHF0VGxiaU5veHJEaGdRXC95eHFiZWo4cFI5MTlnR1wvaEhtOWF0VjU0c3pSdWNoYUpxU3Q2Rm1SMFBLRkpPWmlKUFcrVHhUaEd0bFhrUnI1YTRBNjJ5c1VQdEV6bk5sWk5qd3Q0Nm9IV3dYa1UreUVaUHdBNFVGYXZBd1JlN2MyZkNXY21iQjJBdlRWWT0iLCJtYWMiOiJlZDQxYTA3OTM0NGU1MTYwMDgwMTc4MzI3Y2I5ZjExZGExODVhMTMzNTdmZjBlZDg1Njc4YjJkNWZmZDE1YzQ4In0=', NULL, NULL),
(52, 'MULTITONIK 500ml', 1, 7750, 10000, 8500, 10, 1, '2018-01-08', 'eyJpdiI6IjVoS1d4XC9tSkN4dnc1cisrdG5IZHp3PT0iLCJ2YWx1ZSI6IkZmSkhkNXhGeG5MSW8rRHVnVnRuMDVudE9GME9OQXZIckVyT3RPdU0ySFdHRVdpVDFxVDBmeWFocHByV21BK1puaWM5WkZPR2VHd3d6d1ZMNU40OHFxVnJLYTc4VTZrR2lFanJNc0M4enp6RDM0U2o1cTBTSDFvbTVzUGc2QU53ck43cE5RSEZTcjFYN05wUmpJbUcwZ0g0K3hwR1VoNEU5d29KSFdYeWREdWhwR29POGo5XC9INE9kOHBsMFF3ZkVTbDNFTHYrZHBcL3JVRHB6SFZHU1lZU2lFVGFaWGh2WVdtdktnRnFRd252UDFzVnE5elRrSmE0MzEzUFN2Qnp5MXE0c3RTeXgzR2Frd0RqaEdOUFlKQkFXKzJ5WG16K1hOcmtxWENOSjhybG9odEsxOHNuVGdIa2xrakZMWHNiVEVaTlwvcXdMS2pRTFFZcjY1RStGQ2dyNlwvd2tFb2pZUlpubXRGMHYzbVV1MDlVaDl1M1FjSExaQmM5MjBab05sRHVuTGNWR0t1bzhRTGpXTEEweDRRV2RuRXY3eGQyWjdMSis1M3hMRmY1ZWhwVWZNNEZBOStpVVRPMWRMMDh2QXMxMEF5OHNMb01Mc3FVWDluY0p6dFpRVFRlUXJSdmUyWWNJXC9zK3FyMUhSUGs9IiwibWFjIjoiNWVjN2ExZWFlY2MyOTU0ZDEwYzM3ZjVmZTk3YWMxYmFkMDRhMjAxMjkyMmM5ZmE4NTI4YTcwNGU1MzIxMDUyMCJ9', NULL, NULL),
(53, 'Furadan 2kg', 2, 30500, 35000, 31500, 80, 1, '2018-01-08', 'eyJpdiI6IkpJeFpnUGZiSFZmcFpDdFU5RzBxU2c9PSIsInZhbHVlIjoiUnp0UWRLVDI5RG9yTElNNG9GTkRoUmp3ckwrMHppNkRjUlh6TlVKR1QxdUNydWd0VjVIcDRzaWVSa1wvU1NmUGpDK0xHZGVMUTVCVzVtUFwvNzJRazB6NGZtR25pdFVkcUtYcGdNSWwwdFkwZEg2YnVudWdIXC9rNHBsS2dRSzE1aStJQWVpY00rb09PSUFDQVloZ1lTTUc4c0s4Wk9kOUNVSUNEdlZWUVlyaDJ0VHlMTDg2aDF0MVdXUWlGY3dPYTY1am5YZGtBcXBLOWlZbFdWTDZvNndRdEtoVTRZaXA5eUdTb24ybFZNMU5pNTRnVDZEZGJySkRMU09PeEJOMjBnUmNnMVloSFwvTGFJRHB1Z3ZETHNJOUZHN2NsNlwvaVVTbFJRTG53bU50RlRoY1wvUmVZUjdnSVROaCs0NUN1ZlQyWWRwUmFCalFSRUtSMXB3U1IzbE5YZHN3aFlEZTk0T0k0MUg0QUxBMDFiZkFjOE8wNzJRMkhtbUFjUWY5MlF1MlFOUjZFUUxsNmVKTEc4bXpScmxMSFNKeVQxUGxuRXpMcWdyQk1Sd3ZXck82MkNWZGhwakF3V0E0V09ybUd1WmltdTdhbGxzWW1cL3RaR2lFQVAzZFkxait0VE9HQnRpSzJVS2J2VVlTek9LbktzPSIsIm1hYyI6IjBhZmU0ZmIxOGUxNDZmMWM0OWE5MmY2NDE1ZmRlNGZkNzFiODllZmM1M2MwYTBjNDQ0OWViZTk2MGYzNjAyYmUifQ==', NULL, NULL),
(54, 'Regent 500ml', 1, 122000, 127000, 124000, 5, 2, '2018-01-03', 'eyJpdiI6IkhLdExpWHhaOGFlUDlZb1F5UmZNaXc9PSIsInZhbHVlIjoiK2p4d3NzS2c4MW5zQnhjZEx6TUhycFRYS1ZIK3oxVWxja3pTVWRPcG5QTFdWT09MRWlORmRoNmZtUVNEK3lJOXRTNWsybCtUOTNYOW55WHpqQlFiT0VQeWNvY016eUtya0FEWForM3h3YWxGbEtaUFNOZVZxV1VZY3ZjOFJ3R2FacHdIWHU4REZ4dnZSUERkdG1pNEJPYzJIQVwvV2NGYWczUlErSHBqNVBVYzVvK2FyU2lFVGdTb2QyWnJiMys5ZW5ibjQ4OWtKVm9GdXQ0aEZ2Q0lvYmQ3NkxlV2t3TUVjalJObFFlMjV3RGN0bnM5cHhyZkt1V3FTekFRR3hUT0dqZXdHbWQ5UVZGOG5YY2lKcEYrN29qdjh6ZGluSmV2U3E0N0FlRFNtSEp2Y2QwWmZ2YmllNWFKRXN3K3NxWDFKcDdtRXBlSWpyeVN5MyttTVNGT1NtN2NBQVFkalpnN25ycDdRa21QZEJzRUVSejJqdXp3enNHZXZrOFJTXC9uWlwvSlB6VHQxR1NVQkFsbnVzUVlHWnZZYUNCTGJRZTg1UFNKNE84MVB4MTdvWVVBZkFoTXRGWU1zdnJCd2sra1pSV3Fqc25Hb1hHQmNCcXJaMmNMN3QxeDcyT0lsdlwvN0hQR1FRT0pyWG5ORmEwPSIsIm1hYyI6IjRhNzQ2OTc3ZjIxN2EyNzFhMDY2MTZkMGYzOTdiY2U1ZDM3ZGEwMWU1MTkyNzYzMzg5ZmY0ODNkZTNlYTYzZWMifQ==', NULL, NULL),
(55, 'Regent 250ml', 2, 65000, 68000, 66000, 9, 2, '2018-01-03', 'eyJpdiI6ImdzV3ZlM1B6XC9pYkV4d3lteUJKeElRPT0iLCJ2YWx1ZSI6IjVvTnJrZmhwUHNia25tN1NhamtGbjZZY2hVXC8wbk9YSVRzRnV1cVwvMzNJK3FERjdIbVVyb05HRm55Snh6RndHZm9cL1BrRFhzN1FEdlk5M2Y4SCtTY2p4VjlqUzR6VkZzXC9zdHFuNjZrYklzVkxcL2NpXC9EMDBHeElHd25ldGhnRWFDbmRpTVlFUWdiYWJBSTJBMmpmKzFDRkFYTmZQU2JwdzloQ3FaZ0p2dnZ4ODBsUkhwSzJ5QlNreVwvTVZhS2R5RFdcL2c1T2VrUzNqbFwvdzNBSUNTcllmdEY2UWs1TGNrb2ZlS1dVQlByNTl5a0xVUE1nT1NhT2ROdWFnaWc5TVhSVTZSd0RjOGNQYnRPeVlmMjBaXC9hbXFLc0NZZUhJOTBKTWxiTDl1SDZZa2hJOTU4QmhHcTlGeUxneFA2UkozU09BTzZHRzlOXC8wVGdlYkduRWY3ZlRZeDRHeWpjRktzSytiaU8xUzJoemJVUXcwdnhZamVVMFhYbGVtR3Q5U2Q1dVlJTjVDNENNR1N2NXY4blU3VmY0aUdTTlZkQm0yakZQUXdJS3k0OFB3eWtWcWxVaXlVRjlBNUFMRmhwVGpTK2I0MVhFVkhmajdGdjU2M25VNUU0RmlKTlZVeHJ4T1wvUGp2RERIUXROV0FHdkFrPSIsIm1hYyI6ImRhNjFlMDhjYjZiMGRiMzBiMTE1YTA4YmRlODBhNTdlOTcxYTYzOGQ2NWE1YjkyMDZkNmIxMjljZTc3MjdkY2UifQ==', NULL, NULL);
INSERT INTO `barang` (`id`, `nama_barang`, `kategori_id`, `harga_beli`, `harga_jual`, `harga_reseller`, `stok`, `distributor_id`, `tgl_masuk`, `barcode`, `created_at`, `updated_at`) VALUES
(56, 'Regent 100ml', 1, 27000, 30000, 28000, 31, 2, '2018-01-03', 'eyJpdiI6Ikk1K1JleTNMSkdqK29DOWQralZXNWc9PSIsInZhbHVlIjoiWkNqNFM2dDA2VCtwb0xWRTNDWHY3eFRNTEZvUGgwNlhZdVUybEZIVnJZQzE4OVZXV3ptNzJjVFI3aGtrblBOTk9uMGl2SHB0Y1crZ0dUNzdyMzR6SWE0MWVZVzRuQTREdUFmTGxOQ2hDbHdNeHBWQ2dYNWVCRUQ4d1ljVkhLQ3VnamVPTUsrdmIrTW1cL1ZPeWRjdXR1N2htaXZaakJLZTA3MzJPSEUraGZpb3Y4RHBjV3BWS3A5NnFhVHdUUzkwQnlSN2FTV0NrNW5BWmpOeitsdFpVRVRkQ2J6SlwvUUk3Tis0cWRlQWlVbFwveUFoMzdoNEtUQ2VQWG5PQlFYYTVtQzF6YnBodHRJUlFlRmp4aVBRU2psbzdBQmpMVHhpdWdRaTI1YU1OczJ5Wkl4M0pYVldzRE0xMXFKU3hiUGhnOTJHZ0V4Zm1tRnhmTW1KT21LTmpKcER1QU4relJBRFRUUnZZRUREeGZyekt5ODNDc0tBdXBKR0k1QU1OODVmaVUwV0srRW53dXltdjJ0T0VSZ1RpUWpJUzJUdU45UTJvQ0VmS3lKd3hUSmZsVUdWSDhGd0drMkVjSzVmdnZaM2NWYk9wSCttRE12eituRjdaK3VGSEJpNlE9PSIsIm1hYyI6IjYzNzJkZDEwODcxODBmNGI2M2ViMDg2ZjQ0MGExNTkwMWQ0MzBmYWNjNGNmMWUzOTBhOWMzZDViOWJlZjhlMzQifQ==', NULL, NULL),
(57, 'Rizotin 500ml', 1, 40000, 43000, 41000, 11, 3, '2018-01-01', 'eyJpdiI6IlwvXC9YQys4bjI1eXlrZk1xWm5HQk1lUT09IiwidmFsdWUiOiJIbTE2U0Iwb3ZCTTBFUGJyMlVHc0RqWlwvZE1VQWpvTHpENTlCa0U4MldQbnVCaFJTT0tTQjkwNW5MVHB6Qlwvc2sxXC9aRmt4UkJ1bG5VRWdFNU5SYUhQcDZUeXVnS3VTUW5ZSFJvWEU4TGc1T3pMb0xcLzh3T3EzOWFCT2Z3OTVTMkhuTkRhQkVmR1UwVFBjRGFFSGJHcVFTSlBZdjV3QUQrdWpQUnhqd0xoQ2VMTXpCQ2c2MFFFaWFGYTFKQnI5Mk5XOEt4S3NcL0xYZUM0cjk1TFdMWThDWE1lZmRqVTVJdFNndjBnNm5aWDJWd3crSVhMaXk5MXZIS2I1NG10RmR2eWFvQ3NpYjNWb25lbHRvWkQzcUVNMzZBcTB3OVdiWVozNjJtM1NNaGhXTklVUERPMGw4REpKV2REZ2tGZmhuWE1JelY5Um5abWJEbFEzSUVnWGJLcE1tK01GcVJMNnNvOVlBaHFqNFgxYlZxRlZXWFo1OFh3Nng1WGlpWFZWYzVaa1VDSjFWRUphZTkzdmNqczM2Ym5SKzFZemloZkFQSjByZnNwdVpvNmZnNjA1R2hzY0xEaVwva2xocFl0dzNROWJNSllSK0k4Sk1wXC93TFhvNUFFZDFZVlE9PSIsIm1hYyI6IjUzZjkzNzUzZWNmMTZkNDRjMjU0MWFkMTE5NjBjNzhkZjE2ZGI0YTY0MGFlNTc5MDUxYTk0MWVkYjZmZjhhM2IifQ==', NULL, NULL),
(58, 'rizotin 100ml', 1, 10000, 13000, 11000, 5, 3, '2018-01-01', 'eyJpdiI6IjJ4WUxxMUtmNDBQbWx4NjZIeGlsTlE9PSIsInZhbHVlIjoiV2RjMGNoS0ZFZjRqUTFoWmlMVnFIam9tN3lYUTZLc3ArXC9FRFArSEtxZzZya2FneXJrU3FiNmFobjlEK3pQQk1GaHptdWFpTHFiNDlPbENyU01ESlJIaEx1OEY3S2xOSWo3UG9YeXh4R1ZJZzhienRhMHVTTFpJMVh3alZkeVBncHZ2dWEzWUlvXC9Jak5iaGo0MUFEanBMYUFDZytXeUUwcUhxdWtMczZWM0FFekJ5Y2NtRGllOXNNZWtXSkpHa3FSWU93RCt0YW85VWt5UCtQdlwvbU9wcUd4Z0d3Kys1RDJXMUVZTHcrWHlSaitTN2tFTFRDZ1p0SnphKzlPTStqT3pQXC9vZGRRdG5FcEhIQ2lFY0ViYjdKTlVjQUdGRVUzeGNhUjZsN0x6MDBLU0VVWk9BZXdka05QSmUyYUxON2V0OWJMakpYcnhyWm91U0o4M0N5WWF6OEpPZmJscThIQm1OWThST2VSVGtpdkxlcU9YdkJsRWRQamNCRlR3Z2NuVlF5NlRwRE9PdnQ1SllrTEpDXC9teHZvQlFhQ2ljMGk0a09RVWVXZFwvUVpRKytmbWZ6dW9Fc3EwanZ2TnBMWVFyRVdqNWFNTkdtUmtjXC9YdWtYZHpiMGxnPT0iLCJtYWMiOiJjMTAzMDQ5MzhmNjY3ODkyZTk5MDkyZjE5NGVhOGI4NTk1ZDM3MzhiNTI4MGRkYjc4NmUzMDFmZGYxMDYzZmUzIn0=', NULL, NULL),
(59, 'amistartop 250ml', 1, 198000, 200000, 199000, 6, 1, '2018-01-02', 'eyJpdiI6Ikp4RUkyKzByeWVBdzRIZFlZXC9CdEN3PT0iLCJ2YWx1ZSI6IlwvRUp4NU9TUmo1WXNDSmp2YnFFNm9GajBkWWNFQlpHeDhvWm1FZ0sybFo4bTdlYlZyOVFMYjFcL3k5SEN2QThMcWNOTXl2d2o3aGdvdE9DdE1paCtRdFdTaVk3VUhid3hDWGlGakdxemtaTHRRM1VBdTdxTmhhY0FiMXhqY21CRG51bENLVm0wTlNiaytacnRpRFZNbGxhdnNMT2FZRWQ1YWlKWVV5Qm52OWJxSnhlUkJSUFVpYVlzb3Z4TThkOUZPTFVBZENpWXpWRGs0aU1kb3h2eVB2WFMxUnVQK1JvbDgxemdFTmNSZFhSOXZZcFR6RnQ0SmZsRmZTajNaNlpiVU92VlNoN1lWK05rcmw5ajFMZHZMT2RjS2pkXC9pVDNETHlQZHM0XC9NaUtTNWxwYVlPc3NUMGZMS3FzdXFwSTRFVkdUWWRlSWZKQlRsQ2hOVFBJU2NVQWhyTGt4Zk1kSEtQd3A5V0VRdFJSTEE4VDFUczg1b1ZMOUVneld0RjZnbjJTa0xcL3pUd29FQUlwYmpHXC9ydUlMeEdRNHZJUEJZRkEwU3dSOXoyOVBZOGgwQVM4SVpsMVFnTXJMMzl5VlUwRkhNbzd2RnVNMk1BMzI4aVNjSkNPVzlrMkNtb3RhZzFEeHFkRXBuVm5JRERzPSIsIm1hYyI6IjRhNmExNmExOTBkNzA0MjViYjExMGIwYWM1YmFlMDYyMGFmMjJkOGVhNGExNGQ0OWQwYTUyNzMwMmY2N2IwMjkifQ==', NULL, NULL),
(60, 'amistartop 100ml', 1, 81000, 85000, 83000, 11, 1, '2018-01-02', 'eyJpdiI6IjIyUXhCSjBwUVpsZUF2RkNXV0hiM3c9PSIsInZhbHVlIjoiWm1IY3JhbjhCeDNPcmpuZm5XMDB1V3FpenVPdkxhMTFETGpBa3JNam56QUYxaVNPbGR2V3VlVm1BNUFqNHpNZTZPZkNQK3p5aW4rQ1dQNURVcGVGeXB0S3BPUTNpTzQ0WFNnMmFJZXl5NENVQU5JRXdEYklqTEpIZGZmQmlLWFowVExBa3c0M2VvM21EXC9KUFM4VWxpWDJIK3hrUmg2RG15RHNMZkpOMEVrQjFFdzlhNld0NlJHUDNZbjBKVjRBNlZlUkVaSGV3WGtCanlcLzR4Y2dSQnYrVTF5ZUFoSUJBNWpNcTZ0aGEzem82ZFwvWWQ1T2VzbTZpd3A0ME5yc09BOU54WVhUQ284TDAxTkdGSlpURGVPeU9hOFZiazRJQzJpbnBydHhYdnNwTzM3bVBUQlN4NE53MVZlXC9saEU3amJ5czgxTU12VDZIQ0w4dG5YendCeXM3UDU3RGhpZVdzTmM4YldVNVNCOEF4THgzeTZRamNFSjRkR3NVNWtBUjFtRnBUbE5cL0NxMGNGSzlZNFBUWUhIeExzOE9IN2RkRHFOTlwvU2M5Z2dSa2luRTExc29LQTV6T1U1R0pKdDJPME9BTytLenFwVTI5bzcwSWdKOWtFY1hhXC9RZ09RK2FOQktqMFNxMG82Y1FiRlp3PSIsIm1hYyI6IjIxMTBiY2MyNzA2NmNlNDU0ZjJmZDFlODdiYmI0OGIwNzVlYzU1MTI1ODJkZDFiYmZkYmJmOGI0ZWI5Mjc3OGQifQ==', NULL, NULL),
(61, 'amistartop 50ml', 1, 42000, 45000, 43000, 12, 3, '2018-01-04', 'eyJpdiI6Ik9xUW1icHBtNkMwYkdjOEhIS1NKN3c9PSIsInZhbHVlIjoiRkVYdWdDVmpUbUZ6clRwZGZiYnpKUG5BcmJ2ajRFWFVDcTVobEFYQmVBbnlERys2WlByNThUS3pTRktcL1RERTJ5NElwR3pnbDlMR0ZBUEtqbzJEOGxtK3EwZ01CK0g1RzR2elo2c2QzQXhNbEZOYm5ZOVV1R0NNQXU3QmprZndtNGlVdlcyVzRGMHFiTXp5ZitRbmZIUEVKT1U3MjRlY2NDSUF5S0lkcTFWdzB4UEFnWDRrUHlZazBvMXVUWHN2VE5zb29oenRNVGNjNGs4ckZpZlRGR2ZaWmZEUGFBaW1XSkhZQ1o2ZGhwbXBzYU1iS1M2bzFIdlRBZU9TQnBPWEdWTG1FdG9oVmdrTFNJdXZScHA1Y1ZrdnNSZWFwcWQyblFQTGtIbXZuWlJOdXJOcEpRRmkzOU1PVExXN0tcLzcwMXZIOW5GRzlnOVdkOUpDWjN6NEI4Sm1lOXhHRFN6ZXlwUVE4WElzcTJtNlFQT2hZSCtJNnEyTjg5STYwYWIwTE1DZjN2SW01RG5XdituUUd1VG0rSXhKaFZPZ3Fua3BBbG4zQ2g4aUhjTzd3SURUSnZSRHQrTk1FSjB3SFdGXC80cjJRRHB2cEdMQlduSEZPZ09DRHJlRmc9PSIsIm1hYyI6ImE0NTlhZDY4ZjA4OTk3MzlkNzJiZmZhZWUzMWQyNGI3OTk0NDRiMzc5NWIwOGI4MjE5N2U2OWI5MTkzZjdlYTcifQ==', NULL, NULL),
(62, 'clipeer 250ml', 1, 90000, 93000, 91000, 8, 2, '2018-01-01', 'eyJpdiI6InU5OFQ2QkNWck5DNkEyQWttN1BxbHc9PSIsInZhbHVlIjoiTmxCRG92bURxcU5tc2pXQmZ5K2dcLzZYMUV0WlwvN0FXMDhwZDZGeGRQM1BjUzFrWm4xUkJFTkt6dXk3M2kwYzZ2YzZseXdrcHV4ZFl1TEh2anFxTGZuVzZzZ2swUFRCc2lNSmtZUUg5RkFYS1FcL2hIbEwxeUVqTmVyd1ZIMnRkc29PRkV6SWdwVDlUU1EyYkg5b2JhRkJacktTY2FUVGV4c2pCQUNsazE0OHF4NTkxcysyWDhHYmlRMzBNNlFjUkljdWxpSjRKYmdyUUNpRTVvZFN1VVhTWVpPNE1QSUpYbzlGMGpyTlhpbkdTVWlYZjBoNHEra2xVUkV1alJnYlJ3QmZXT2J6K1wvRnlqSlZ0Sm1aaitmeWthcEdoZThFY05wU1p2T1FqTEg2OXNCSXhJMHMxaGVxSklTVFExSmlrbkZ2NWw3MUZIQzBPZjdsMWMzOEJUbU1FWUp1Z3UxQkx5cHJXNXhMRVkrVngxRDFVWjRXM0JSQ3dJeDZrRzFZNzUzZmZoUVllYW83Z093TGpZUWlGUytrbHRNRTdid3pWY0pjNTBualo2VTlnaUUwanBJT1RLU0c4bVM2Q0d3Y1JSTGdDR20yTUo3UitvbVdxSGxITXMxNHRBPT0iLCJtYWMiOiI1MTdlMzRjZDNmY2YxMmVlMDZiMGE2MTUwMDkxZDRkZTBkYzAwNTgyYjk3MGUzM2M3OTU4NzAyNzc1YzM5N2U5In0=', NULL, NULL),
(63, 'Clincer 200ml', 1, 58000, 62000, 61000, 8, 2, '2018-01-03', 'eyJpdiI6IkgreGl1ZXB3c0tyNm03dkgzY21zaFE9PSIsInZhbHVlIjoibzhPMzladHYyY3c4NXY2cGZtSmhKcWZqeFZKTzBIMUN0ZVZiaHdtRnIxUUpaU1ZwV0pVc09ZZU9sdzVVZzU1SEhDejN6S0hrV0FMU3ZpQlRuK3RjMmJ6Nmg5NHdDa2hSQlwvNUlVbU95Wk15bW80cTYxZmpxMW8xVW9rXC9YY2xPa1FmNTF1ekdVbTBhQnJoZnc3bzRmVXZzSnpvTVwvTHdqS2FkMU5QZW9ocEJlZ1p6ZlJPU0RZR1lyZFp1TXJ5ZGFyVjVobHdUeGFOXC9zeVFxdlFGTFZsM3ltVUtTNVwvb09tVWM5TjJiMVNNZEpZdU00bzJQXC8xaGJlZHozYlF5WkZGUzlrQ0lzOUNlV2RLMTgxdFFaRTNHR2JyZE1FNVhkQkhHZTlkcWMrTHJVZWlpdjJnZHNDSU9kVStYVitOSDFXeTdSV0N6aFRTaXBNMlZoalNuNU00YVJpcnZ6WnZOM1l4M2pkMDk4dmwwNUlTWUl2aHpBcXEzNVlIaDRjbzQrQkhhMnZXbkpETHVhaCtCNlwvcnpQK0pjbDRnZ0dpbFhaSERITVZ4SWI5RlAyMlM5MTd1TnlxXC9ZanBrak5FQmVrcnpISnZ5REo4XC9oY2gzblRSV2JBeVFrdVE9PSIsIm1hYyI6IjVjMDRiYTJkYzJiMDIxNzFkNWZmNjFiMmM3MjE0ZjhlNzBmNWMyOTdkMzNiY2YxNjM3OTk2YTVmZWM3YWQwM2EifQ==', NULL, NULL),
(64, 'Gandasil D 100gr', 2, 7000, 8500, 8000, 131, 1, '2018-01-01', 'eyJpdiI6IkU2M1h5aWVJbmR2YmlCZmxyTXZcL01BPT0iLCJ2YWx1ZSI6IkMya0EySzd6RG5tZzdSNXM3SCtxY3p2OW1xbEpsQjJiZ2ErU1dPM3RJS1RtVXFvVER4Q1lXaFNKOFVKZm9qVm84QXVEdXFOSVI0QnByTEpuc0JsNXVEVVVhbGROZ3RSTUtBaVV2Z2FNNHZiQ3JTdnJWbmR4WFFOM01ycWRGd0tHcUxQVzNFM1lUczZjamNJa0x1ZURRTEVnR05RMExnTDlxVU9jM0pGYW45XC85MlVpMk5PUUxrWlRLUDhZcFwvamlcL2JxS3hETHBjTjJqd1VOSEFNUHYyTnp3K04wUkNzbzFMcCswSVNMMzY1dmlHSWViXC9MQjJsSnh0VXk5cGVaWlVqdTM5Y1BPRHI0Z2JkU28yXC81Rm9cLzFlM09EeGJFUXB2YlJ0QmVoU3BJZGN1YTZhalEzSlwvVHNGbW1CZWEzT0VKbVo5ODZic1ZjUWoyKzA5cXFFN0J1OEpnbFVSYnY0bUJYK3pqYzR3YU51dFlUN2kwVGRtcEc3cmtvVXFKSnpIaHk5ZGVLdXBHcTBxU3VjWklRZERpenVYd05NSXlVbFY1UE82dWRPYUV5ZVgzRFwvWW41N3NiWjEwK1NZWjA0YnhXQk1uUnVNbzRaeTdkUDNrR3BnVk5YV0ljT00rZGRLTVNLUDRVUWpJVmpSbjQ9IiwibWFjIjoiZjc2MGQyMGY3OGU3NWE0ZjA3NzUxMmFkMDIwYzgyMjk4NDNmZmRkZmFhYTQ2OThjZGJiZDVhYzljNWE0ZmMyZSJ9', NULL, NULL),
(65, 'Fastak 250ml', 1, 23000, 27000, 24500, 5, 1, '2018-01-01', 'eyJpdiI6IjFZaStNR1JLaCszR1FiRExTeHRSYWc9PSIsInZhbHVlIjoiRmswZ3h6OG0zQUNPaXE1K3lMSWplMmR6WkU1RFpkc3BTQ08yYzE0TXFiaUhhNSs4Sit3K2lsT2Ruc1lubERjeUsyS3BRclZtVGs2R2xSQlZoa3lLaU1VcG5mTm9oQ1hYaUE2TlVrS0Q1MUgrcEVWTEMrcEhBbythWlRQV2Jyb3RpK0FuWENWTkZSXC9qaFwvQ0tKU2tIZ0lZeGZOSGJWdHZsSnNmR0NcL25KRkY2TlIxUzlKQm1cL0NLcXZqUEpjMzJtTGVYeFJsNUtxdHlwT0E1UjhLSGg3V0tqampjWHZiWUZpYWRWbFk1eUhTa20yVXdIcXVJaXJYUG0zb0JuTWo2OXNHR2tcL1FxQmtDd1gxWUVvN1Bza21SWGlwZHdGVlBXWDNpU3VmbExvVFU1aVBSWDJyeWNFRWkwcWU4ZklScDN2NXMwNENMaE9jMEFpXC9EMlpYcnpCS25zS0RUempXb3JmUmFONjVRVDZPdis1RW5SUDdnQlJUeExLbDNzTHJyYWVaaGNyVDlhYTZ5OVVpN2NmclpaeTdkS3h2Y3ZEQ0M1ejF4SDd4eUhPVlJLNk44ckR3ZkV3M3dCeXNmTWxPQ0kxVWtFMU9md1ZOUTdvNFpBMGJkeFB0Wnc9PSIsIm1hYyI6ImZmMzBiMjI3ZWVlODAzNDUwMmY4NTJiOTNlNzBlNWQ4OGJjZTgwOWQ0ZmM1Yzk2OTAyNGMzYjQ0YzM0NzlhMjUifQ==', NULL, NULL),
(66, 'Heksa 250ml', 1, 30000, 38000, 35000, 9, 1, '2018-01-01', 'eyJpdiI6Imt0XC9qMU5XTElRYVFiNXpFSkxET2FnPT0iLCJ2YWx1ZSI6ImtJOW5ORmRkbjdWTFVqaGxXMVFlemhSMFNoaDI4ZXY0VUxja0N4TnV6ZUNkbWJPTURETytkcUpqRUJ3ZElQQ1F0QVNMVWNhTUVoRFdNbjJqYkF3TldXUVNERHpXZGw3THN1cEhPUmZyOEdwMDlPY3NJUXA1bWdwOTQyazREQ2M4amdJXC9ZRXpNUlFVNUh2S3BzQjd6alwvb29CRGpJTFhFR1JmNkpQS2xjM0xaRElTdW0rRVFsYzUzWVBlUE1pc0JQSWUzMm9SdXZsUEhISlhJWVVlbElONkk2M3N5REdCY1UrWm1hZHhKZk50RmU1MHl4SUdnbWVlTUZCaEZJTkVBNjhsaklRVE5oKzhKTVM2UWVlRXB0ZUlXZ0N0NzVmbWxtSHRSMHVjUTNkNzdpVFBzMVNsMFRMUDFOcGdoUUc2YlJ4NG1Ua2s2M01jVFdpUTRHUU5ZVVpobmpLXC9ScUlsTllcL0lJbzFlcHo0eldPRUQraElHUW1XRDJzWUtuVFU3anBHVXRBZkpMdm1NVDAzd0o1bG5Rbm1rbkFhR1V5Kytva0xHY3hNMVplZlFNcGVzNThvU0h2WG9PejF0V3VmUWJTaUswYzFnWUhteGR5ZXlhMkVOVFwvcGc9PSIsIm1hYyI6ImQ0NGU5Yzk0MjNhNDUwOWNkZjdkYzYzOTI5ZjUwYTU3MWU0MmI1OGVhMTZiODU4OGJlOTAyMjFkMTNiYjEwMGYifQ==', NULL, NULL),
(67, 'Arivo 500ml', 1, 34000, 37000, 35000, 10, 1, '2018-01-01', 'eyJpdiI6InkrTUdjTlkwcFFsQ1wvOTAzQ1lZWTlnPT0iLCJ2YWx1ZSI6IjRGZWwxTCsxR24xc0Myb0VUdFwvaGZmTlZXYVh5ZGpKTm80RkNXZnFGQnE0R2JEWmZybDZUdGVvVUVZeU1TdERoc3FnS3BpTlUwa2FWdUtvXC81NGVRMmdPNGZXYjIrZ3dZcmlPNk9KRVdWZ2RnK1htMzRSUXdWRGd6OGlySFVWaU1HdUR4R09keWxVdXFnU1NlUERvemNZTHI2TlBzU3VRRXVvemU1OWhiVllFcDRZZW5ZalF3YVBJSm5DR1c3cjFZM055T2JJUHpCRndvaGhmSUR3RGZtXC9ObFVORG5JcWptdG5tKzh2MVdZQ2htQlpKQm5qNVBaWEM1UnBlZWRBcCs0dk0yRE1VdG5vYlgzRWJVcEloRWgyRGNpbTVBK3JPRW84RFRZYmFiV2hyQUMyVk9GMzVHQmYrdzQ1XC9kKzVYZTFmaEtCV3MyNE9SUWlBbDB2S0Nld1FkKzcwNzkweWllVVlsRnVQdWkxT1lmVGozYTluaStHc216UndUTVd2Y2dwSnZJXC9ETjdybTRvNjBrcExSYStEbWJGS3A3RUFkT25XTEdOVHMrd0lTRzhPZTg3NXd1cDJNeHdyOEE2N250VkZ5UnYyTlhCQjR6MVYyaDg2bXdIVkE9PSIsIm1hYyI6ImQ2ZjcxODdjNGM3OTFkODkxYzJiZmIzMjkzZmFhNDE0MjMxOGRkOTQ3YmY5NmUxYzY3OTQ0NTAwMGNkNTAxYjQifQ==', NULL, NULL),
(68, 'Arivo 250ml', 1, 23000, 27000, 24500, 9, 3, '2018-01-04', 'eyJpdiI6Im1pTjVXUWhrQ1dvMlZMb09jXC9GbTNnPT0iLCJ2YWx1ZSI6Ik0zSjkyR1R1UVE0RGxpN2xIeGV6Qzc0ZVF0U0s0cWJwS0NBMTdEVWhKMlRhUkx1bkVqWHFWeHQ0NnBDZHhiYXdxRGpIUnVJMG9aZVJmd01uTWN2TUxIc1NjNEU2YTBjR0NDR0RMTFJId1pkY1d0ekNQXC90VmlibmdyaTBJMlpMWUU3Z0wrdVVWR25IUG83VkZWM3RCekdaQjVVKzJsRjdEWGZjZGtjZWtJS3Nzc2JcL1hZNExtTnd6a3lvNCttdWRNcVdVcWlpQnFcL3lMdWRJK3I5QWM1VVE5aExMNWhBaG4zZlFwd0FhSW1NdUxuZlB4NkxIaklKK040cGJlZno0YllVbmY1WlFBZHRCOW1NRWc5ajloMXNLTEtcL1ppOXpmcmY1eE5PbFROeU9kYWtSMHMyU2lGcXBrR0hFWkszQmlHS2JDV2VlYWpLdWNCbm0xNjFPbjlCUElDenVVVk9FSDFtZDBUeVpNdGdacHplMCtFOVwvQUgyMGVGUmpIR0FsRkRBaGVzT2hLMTR2UXgzajQ0XC9ZRjhzakh5anJXN29YbVFTWDk5bkU1WmNyVDNCXC81XC9vVUNDT2g1SlVIMWI2UTZRVEtyeFVNZ2wrRUF2cTZUVTFKSlFGNkE9PSIsIm1hYyI6ImIyYjUyZGU1ZTljMTUyYzZiYzQwYzZjMmRhMDMwNGQzNmFkODQxMTQ2YWM3Zjg0ZTVkM2ZjMzkxNTU0MTBjZDAifQ==', NULL, NULL),
(69, 'Prevaton 100ml', 1, 63000, 67000, 64500, 20, 1, '2018-01-01', 'eyJpdiI6IjNZcjRZOUNTMmxhaXZTb0d1TDYxcnc9PSIsInZhbHVlIjoiZUhPajRBXC9ZR1hqRmQ1Y0Y5cTNQeEVLTXRmOWlUbXpkVTZ5dzVaOXN4cHFjYjhNQ0tjSjd4bEtZRGxyZjVzRWJoWjBmUGtxR21KdG1xdzk3VzNkWGhKV2w1S3h6dnZva3dLOGYyVXRqbnE5dEJjUisyTU1xUXM5NlkyVndcLzN5bVBqZnZqSE9NY3FXS2NXYWFHWllKSldZTVZLdVdvN0I5WkFZK2FpRkJTeitCZDdzQVcrWFQ4QnZyTWg0d2VCRDY0Q2lNQUJoRW5Xb3hhMkMwM1UrNkpkMEVzb3RUdk9NUWU3eEFjRGdLbjNyeG9LQnZVS3JWbWxXbXMwZUlNcGJyaXdZZEZvRGZ5N1lPUWsrQTVcL1VNZkZsTTFRUk5LSFdtem10QW1hY3VxZFpmcjdPY1BtMTY3dDZHcGFPOXNodWlxc0JJR0NLemVQU3hiUEVkcVl1RThVWU5lR1Z5eEF2d0tvTUdxUmpTZXBvTnNDVnI3MWFnd3pRaElGekRwMWp3OVdaV1lLQ2lnS3c2TjRhQ1dMZEorc1Z0VERcLzYzdkJkWGJadDBNZHdMZU9FazVJQlZPZ0lkVXA3MTVnWTF1UjlQb082c3NyenU1ejNObHRXK29oakhqdGpJN1wvUlUzVlBjcVpjQlo2SEU5UT0iLCJtYWMiOiI2ZTMyMWQ2Y2EyMjk2NTU4OWFhZmIwZjllZDcxNDI1NjI2OGE3NWRiZDE3Zjk4MjFjM2QwZWNmOTI0NDczODhiIn0=', NULL, NULL),
(71, 'Score 250ml', 1, 144000, 147000, 145000, 45, 2, '2018-01-04', 'eyJpdiI6IjRxM01cL0JQa2xZZWViRVwvaWVuNThBdz09IiwidmFsdWUiOiJ1WmRJemZzbzVhQXN0YnkycUVJT250MkhLTWphdk96M3MwR2NseVVmcEhVWHk2NU5RS2J1ZUF3VXpWQVJxRGg0V3V3QjVDdDhJRlU2TlVPdHB4SnVRNlA5a0xzMzZnSXRwMFg1aDREbTVzMDVOamlJbzNGZU5rUm5BRlhCVEdcL2RYRXc5Vzk4UVNzM3BLajl1N1BUQW0rUXBQT2VFMGRjemVyQlYxd0xTZUdRQ2twd3JiMFwvWFE3TFhkd0V4aUV4Z2R0cUNycTdGVmZ0STN2SEU0dVwvdk9HK3ZvOFFBNVRWS01FNStXc2V2UWYwQWpEUndSenl4SkRvMzlUQkYraUpBdU52ZjRub0lyZE1MYkNhSEIzNXVlODVwTFNYM0JkNXYzTjlcL3VvK2IrS2tBVUxjNUsrTHRCME9kK096ck5iV0NJajhyTXpEKytUbXdiRDRicXdiMnoxVzZJS0ZPeHFGZzcxM2ZPVEVSTlptYnY1T3FqaFFkdmtOQnJudnRhTW9WRnFFbCtnN2YrVXpPQ1F4dmRZWVVxcERwSjNOSVJmK3RJVmZqcUd3b3U5Rk05SlFUWERcLzFTczdwdzQ0bmtheTBNVmczajk3c2lwbFI1S24rang2MzhFTnpab2F3K1Fzc1dkRG5wODdzSktvPSIsIm1hYyI6ImZjYzlhMDAwYmYzZTgyNzAyY2MzY2Y5NDA2OWQxN2QzMWMwYjM1ZTRhMzBmZGZlOGEyOGM0MzhmZjc1ZGU0NWUifQ==', NULL, NULL),
(72, 'plenum 25gr', 2, 48000, 50000, 49000, 55, 2, '2018-01-04', 'eyJpdiI6IkFMVTNaTGNVSFA4ZThzSTZhNCtyNlE9PSIsInZhbHVlIjoiYUhKOG5wSUtzbm0wZzV1WWVUMjkzNkk1OXp0REhyUWRxc2dhNWNjNFgzTHlTQzNoNEplSXJVQ0dXUURyQlArVnlDVUVKK21xRitIcU9uZEpmQXdBQ1MwUWtDNHJOb3Nmem1BRG5JY2xtemxXa0tzYjlMV1ZcL2d4OUlkRnJySk1RUjR4dTE5dThwVWdCbDZCazRZaG1yT1dpQzlGdEZWcGFuOUx4Nm1xbDV3U0UzWTBWYXF1VTQ1S1VQY25ISVhRVzBDaW41YWNscTZDdWRFMGZMeWJZS2ZKTkorNmhSMUNTK3FEUHFoSHlySjMxVEN5a2pwWFcyS3lyVUhPQTNzNzBGXC93amlMT0JuTHZZWU42aHl6N2puR3hFa1JaU2tibnQzV2pMUkJNb0ZmZHp5T0VDWVk0VEh5MnhMUE9tV0h5bVpQVkJlWVhTQTh3Z2Z4clFSVWNTaTExT0o5ZjNCeFZaTmY2aUdnMVBnRDZqQTlZcUdWMmhJaU85eUlKQXY1cURycHhXVVpqVEdocGQ0S2U2ankzMjVHSytnNkJ0NmI5R0FaZUFqR2pqelRBQUZuWmhiOUNna2FLRU9sY094VlJHSjR2TjRCWUdTcFhMbEtBTHpGdU9tUT09IiwibWFjIjoiMzEwNmVlNjZlNTk5ZGY4ODFhN2QzM2YxYWMxNWYwYmVhYjc4NGZlMzA3YjBjMDdmODliNTE5MDY5MTA3NzJlZCJ9', NULL, NULL),
(73, 'Plenum 100gr', 2, 170000, 175000, 172000, 31, 2, '2018-01-04', 'eyJpdiI6IjB0Zm05UnozMzRmcGVRRTBqNGorUmc9PSIsInZhbHVlIjoickVteXV6UTljNUdmZ2NKNXZxWm1lUFErUWVudFVUdVZPTHM1YVVCZWxLNTVqaWJ6UUhTZE45NWJxVEl0QTBUa0hmZHF4Sldua0JDRUIrck0yTThUWnZqT2Z6YklVVkJCRjVxMm8xenhKaHdHcEE1RkNBM3RjVDE4Wmk3bkd2TW56ZHVhMnNrUkxERDlycjZwXC9GMTd5VndrNFVuTDVrbWxab202TmpKTXAyaEUzejNrT1o2V2ZWczZKRytBazlFNzJGWXZLUnd4UllnVlNta3VlbWlpQWJGV0lZUlVZMGFaNkdORGhUcllWVjlrc3lPQVN1NVBYc2FFNGRJT01IQ0NCVzlQODFkamZXKzRTUnBpQ1pBUUpLQVpKYmZRdHNnMFkzVldhbU55cVwvZjFPMUpsb083S0hRNmtWUDY1bkw3Z2QwMVpmalB6Wk1LUWVSSjdqK3NKZnRPYUF0R1B1WDBFWk5yanQzNU9qanVYZkFIZmpaeDNoVUVBTGNUQjk1Z0dNYUdQcFwvUjlyV2tHbW1xT0tXXC9xVjRDY2tkSERQME5TNVdNMlJkUVNmXC80a2JUYlwvZFN6clpkbVNlc05TQUxVK0lnQWZyZ1wvd1hPaG43clRwY09wUFBXMEQxRGNhOW5WNFBnUGNLYW5RY0tFPSIsIm1hYyI6ImQ0ZGI4NDg2NjQ5N2E1MDVlNTkwYWViYTAyYmI5ZDI1MzA5NjNhYmZkZGFjOTQwYjJmOGIzNGY2NmVlNmI0ZjMifQ==', NULL, NULL),
(74, 'virtako 10ml', 2, 22500, 25000, 23500, 219, 2, '2018-01-04', 'eyJpdiI6InVhZUpCY3NnSDcxd2RWZ3FyaUtldVE9PSIsInZhbHVlIjoiVUphXC9RR1NjWVhKR0pLQWExK2crWUszSnJQcEF6d1lCWjdOYTBGY3dMeURtYjlyYkNIZ2xyaHNDWXdtNzZhdDJMWkt3N3h1bzdlYzNkc0E0Q3FNTUVpK0RSYXg4aytrMmxySERtQnBiNUdXRzVlQnNocGQ4XC9nblBXZXNwSVpyN0NUbEtyN3Y4XC84YTBLYUVDQ2c5NWdlR2VCakQ5bEswVDdMYktseEtLd09pbzVZMDhXSkNTVE5ZK0FieTlkWWpsZkxCaE5kNjZRZzh5R2JPU1RJcHZxczZvUlFZWmpDVTRqYnJEODV1eG51ZG1QbUgxeldmc3h0SjN0YjJpNlZUc1R3VlNaVDN0XC8xK1hybW9ibUMzeTl6NytaaDR0dUN1cDdBUVNlcTFiT1ZwNllTZ05vdlF6VmR0SDlBbmxMTHZJRU15RjVEU2s0RDdsQ2FySWpEUU43MUp0N2w3NmkzZEdyVlFFb3RiZFEwNEN4UGhGRjRtaTZjRDNQNTdyd2V3cGtHVE9HR0pKWENHcTBXSGxQcDhkR1dUZkZOZWdPOVFvYk5yemJJTkozNXBwM0F6R3dLT1RWUUFCSFpwcWt6V25PN3FjOGUzVzhSRUw0TFE4d1ExMDltWmhlUEFtNGRWc1JTdmx6cXVybmFBPSIsIm1hYyI6ImI2Njg3NDM4MDFjMWVhNzkzMWMwNGRlOWMwOWYwOGIxN2QwZGUxOTA4NzgxNGNmOGJiOTdjYjFiOGIyMjMzNzAifQ==', NULL, NULL),
(75, 'Voliamtargo 100ml', 1, 75000, 80000, 77000, 26, 2, '2018-01-04', 'eyJpdiI6IldnWTdQdlhHYjVZQ1pKbjgzM1wvZ1FnPT0iLCJ2YWx1ZSI6IjJWcVwvVVdIU1wvRUtcL0JQTUZRM0VaMHZ1V1ZhNVI4cnBQMzJaN1dOYk9vXC92TStsVUVvU1R6b0syaUtBcjhUV3JTYUVWcXc0K2ZIWjZWOGR4UlRxaDdrKzh3TktcL05vNUQ3ZmNzYXVpVEx0S3U3UGpmeGhpZVhkWm9qcDJGRGlLOEE3S2VJR0hreDlYWkF1bitGSlNiTDQwOG9xVFUzZno3TVp3T0lHNnFGQ1J0TGFSQVBzZHVQbEtrVUkzcmcwYVRsM2xUM1BCMUl3eEhHQjNiQUVPZ0lpdWxGOEY3RHpFRld6T2VnTktmSU82ZVh2elhhRGJnQzd6a2V5aEh5VDcwSEhpcFhoQ0lBZmJKYnZDSUtGVk5DbmxtRHVWSmxCZ3haZ3U5WlVmTWhJRlpqVnZRVVRzZWg3YVNDQjFaWnFTc0I3WXNmRktXbXdkQXp4akp5NWIwS1BlV3JhakNlNFwvRWNqSTdFbGNpOW9cL0VTaGVRMXA5WjFEYlFBUGN5eFl1dDR5SlRjSURSUEh0QUZBeWZlNGVZdVR6TWFmTVkycGpKTVkxbEd4eGFSczhoWDFCKzdKekUyNDdrWEVxMzRXelNCZFNwXC94WDNkU3M5d3pmbnlPMTV5dGZ4VzVEUXlqaDVsWlBjQlV5MmhnUkE9IiwibWFjIjoiMTQ4NDIyOTQ3YzEzNmQ2NDlmODRmOGEzNGZlMjczOTA5YjA3MWVmMmYyOWNlOWI4ODI4OTA4NWFlN2U0OGZlNiJ9', NULL, NULL),
(76, 'Gandasil B 100gr', 2, 8000, 9000, 8500, 20, 1, '2018-01-01', 'eyJpdiI6IjZTSXdwY3pSZFFld0tneGVRN1wvazVBPT0iLCJ2YWx1ZSI6IllyeUM2VU9XYUZuVmthc1BxamdZbWZycHUrSnZEdTJGcWVpYkN1bzYxUlwvb1F2c1pVb0VoUVFPQVI2ekhtWGxJeTBUSjZUdVNzYlRRR2MycnZoRVFvazAxaXRTKzRXRlVQWlVFMU81T0U0SWdYTGJiaVNNUnU4SlBGQUlhaDIzcVZMeVFIMWt3SHV2dmE3aVZaeGkwMjhuK2IyMjRDRXJqZE5DekNNTjIrdE1VR1I3aERZT2lLUlRWdklsQW1nVEMxcFwvaFVcL1c3eUM0cHNMNFwvUzYyTXRlWlwvNStmUG9PM29wUlJCMEp2VDhDbmQrZUtwc05aNm8zV2ZvcEVyeG1EWFVCWWhLcERNNjUwWURYSjVvSHRNV3cwclBlR2R2Z2FrM0piUHN0aHVmU2hTdzFqYnBWR2Q0T1VZR2l0ZW5wU1NqM3hpUVpUR0phOWFOazhNVkh0NW9VbGJqdHhYbEhVd0poaHpPYlBBU3FEOFRoS3c1NGRwQXNjVjlJdFVERkRrdWVlZldQVjFGNjh0aDQzWDJsNW95dE1yY0gxUnRxaFwvZVB1YWtGUU1oMWUwcEZvSEJtNyt2ZnEzVmprQ1lXdTFyblNaaFVwTVRwTzlyZEpteW5oNVRrM3dUNzREaVNzSHdYYm1qZVZ2VTFZPSIsIm1hYyI6Ijc0MWNkNjlmMDEwMTg0MjQxYmViZTc0YmNkNDM2M2IzMzUxYTE5YTNhMjRlMGY0ZWI2OGU0ZWE1YWE4YjRmN2UifQ==', NULL, NULL),
(77, 'Curacron 250ml', 1, 62000, 65000, 63000, 11, 1, '2018-01-01', 'eyJpdiI6Inc5cmxack5FbFk2NEhKdTIreWx0dGc9PSIsInZhbHVlIjoiT2RcL3RpdU9oOGhxOUJwSjQ1Y0UwVGdIc3l0N1wvTDdcLzZ6V1lZeFl6QlpBSHBJNkdjRVIxc0RVNmhZT05VeHFmazl2MTR4SWRiTytCQlVOeXBtY1ZFWWQzK3V5Nk5zdENwSHB5TjZYYzhtWW1XU0x4UWk2UVwvY1YyNUpMTllFdmZYcjZ4TlZMRllEdENjejluYzhtaFYxWlJKeE1WMThaSCtZQlVZZ0hBQ2ZOSStFVyt4SE1pQ3lTU3JZN3h5ZDEzRVZGOWZLcElTdkdjYXJ4QWYrNUg2V2FJNE9kMUN2SWFGSks5THAwTGJGV0dIMURVOWtVVGdMQlwvb0dBZVwvd05JdTZwXC9sbnNGNjFXdEpsczNiendTS21PU1BialM0WTRqZExNTEFseDBIRXhiZXE4R1R4VDI1ZHVPUDVqTDBNYVZUR1VCa2dHN0h1cU1XMEcyK2Q2S1cxQkNvMWJqd3JSM2NQdnI3SGE1MFwvNXZNczFNMW5QQmlFcFlYME00V3FuT3B6ZEE0NUpiSmZQc1lBcHd1a3VWc2s5K2dMWDBPWm41bGliV05IRWY5bFprZ0xYMm9cL2hOdDRxMlp3VERCQ2VzU291QVBLaVZ3XC94WTd0Y0thS3lQU3NwYlpGRHVrcnJIMEphd3Yyd1hXNVVvPSIsIm1hYyI6IjBmNTIzZTA1ZDE0MDYwMGQwNmUyNmI2M2QyYjkzYzJjY2NlYzljMjYwNWYzMDdmZWMwMjNkNTFjYzFlZWU1N2UifQ==', NULL, NULL),
(78, 'Curacron 100ml', 1, 27000, 30000, 28500, 9, 1, '2018-01-01', 'eyJpdiI6Iko3ZElNM1RHNWpoaE5jM3VGa0xHdXc9PSIsInZhbHVlIjoiQUhqRFdTNlVKOEZaMEFsdEFQa2Z2dUtOU3hoQlo3V2xtRXhQTGhrZ29pc0dtb3RcL1Y5ZW81UDM5aVQzcGdIdURUSHdXTmxaWm44UXFkSHE5cnU1U2EwNFRMcnNQVlloOFdzZWNJTWt3RHFqdHh2MWY4MkM2aTdYaTNOM2FnY0ZWSW5BYlJUR012N3JCQnFYSDRYcHQzQXY5Ym93ZlQrMjFnXC9TQW9MVExFSlNYQnpUS2xjajVVNzl2QlhONThPVk5nVW9pYzFpek9peE9CYzVmczgxYkxKdHErVXpvRU9QMkR6WHFBVGcxYlhcL0VmbXdZVHZoNHVZdmRTS1N0QTZvRkcrMmdyK0pyOCtPaWwzWGhsVDNjeFAyYmJ1cW1jXC9WUkxxYTVoQ3B3SjZTMFhaM0VITjNmR1RjdkF0ek1aeHdDXC9pSE5UODNnSEF4K2xvc1NMbTVQa0o4QlpHOFdsRzVIRCtTV09DMDJkVVwvXC9wTmlyMWNWZWxwUEpNRFwvSnNtT2JSME9qMzBQdVdmYzJWNk1jZVNlSG1zYVJIVzNtbzRoc25GQ3RkQ1kyNTV5bVBpWlVSTXhFSDBrSXVxNDJkYURIcDRvXC96Tlc4aW96aVZTXC9EdURwZ01oMVBqbitFVkNpZll3ZDFvbzRCcTJzPSIsIm1hYyI6IjMyYTMxNWMxYWEyYWI4MGU0MWI1YzRiNmRlMGI3NmVmYTI0NGVlM2JlYWJjNWFjNzg3NzI0ZmEyMTM0ZTE5YjkifQ==', NULL, NULL),
(79, 'Matador 250ml', 1, 54000, 58000, 55000, 4, 3, '2018-01-05', 'eyJpdiI6IjlhRER0R1wveTBaTTlqSHo3RjgxcHB3PT0iLCJ2YWx1ZSI6IlArRHIxNDNqVTZNT3NXUlBoRGRKN2c4V3VtZGFRaG1cL1dIVnZhNzRZM05KaVhOaWFFRE9KWk5GRDZabzVaeDI2WGlFak9pMHdTN1RodlUyeEV0ZVdcL1wvSUNwWllwNUhtNnJva1wvM08rTWlIMVpSckEwUGI4WlYza2crWjFSbkZ5S21jN3hSUlFaKzFaSVFUUTl1TktnVktOWGNnSG1cL1JXTTRDQjdGK2NcL3Z3MzFPTU5XQlwvdmNObDFvZXMzeTh5MnBmRmZib1NyYTZrQ2F5TWtoOVVwMVJEcEk3bXZQVmxnRXUzY0dneWtZbXR0UVk4SE5tR0pVT29GN3pEVlFvbWpmVjBIckhIZmJiZUxNZ3B6VzV4QmN5aEhndlh3TDB4K2MxOHVlcnZRanlzd081SDVvYVhXUXpNbUZqYnowT2VER0RiWnBWcDFYaFdvUHFQazBcL3B1R1RrcGgrN1hWS1A2VUtFc0dNUUtPYnlKeVJ0NzduTm1lU3RrdzFaSHRQd2lEYXNvVmtUbmo0VndFUVJWeDByUlF4aG9CaHBtSHhoZkY3OXpRcFdhTWtlekxpelg5a0lidVJiYVdmOEJPdWVpVmhPcVphVDJYSHlheEFEajhPZDhFM1E9PSIsIm1hYyI6ImFjMWI3NzNjNGVkY2NiZTAwZDE4NzhjMmY0YmNjNzdkZGNkMWNmMGFkODY1NThkYmU3YWYwZjIyN2RjZTIyNzYifQ==', NULL, NULL),
(80, 'Matador 80ml', 1, 19000, 22000, 20000, 9, 3, '2018-01-05', 'eyJpdiI6IkZPaXE3WTIrSnZYU01oSlB6MFdidkE9PSIsInZhbHVlIjoibDB5anBUNE1ONVBEWnJ2eE9PelwvVFlFRnJkeFgrVVlPNU9ad1ZlaTFKb1lUSURSTG9rRm1CT1prT2VqR3hBUmdsOVo3R29UWGJ0N29qOXlJYnB2d2VjRVBiN1ZhTWNvTjRJMlRkYm9ZTWxwNG5QNFQ1b29zRkJxeVhYNTJiUzVoVGF5MjF2dE1HTGZHZGI0cFc0UVpwR3lVYTFxYmxQdWJBaFpKb3dWZGoyb3pFMzNNbjFPWU9Gak5qUUFRRk04bkxvY0ZZeG9TYTVoc0R1Qk5lbWlvVDB4U1U4bnlIQUJPUFZzcWdHYXYxczZsWGhsQUg1QktYYTRtZHBJZGtheXBpQkQxdktlVUlxTVcwbTZrQ1wvbE1Nc3p5cTZ3TEtIU0cyOWdYalBuRmFVekRJXC95WFRoV09mZjRlemFGTGpIWmh6Mm5OSFJ6Z2RZc1Y0QW9vaUh6eTRBdVR4cUo4d2NnR1Z2eU9kOXdaUVppdGZob29Bb0UyN1hTSGNmUUllZGlrRnoxUkpwYmQ0alVsUVhmZGhyWldDdlVrZGJCdVU4UE5RUElGUDl0YmVXZEFJblU2Ym9cL3ptcVgzODNMeVNWNEFGU0NjQTNaYlAyVnI2cHVkeklGeXFBPT0iLCJtYWMiOiI5MjhjMWJmN2VkNDg4ZWQ3MDRkZjgwMGQ4MjY4OWY0ZWYxMDI2ZmQ5YjI4ZjI5YWM5NjY0YzU1MzYxYWU1NWQ4In0=', NULL, NULL),
(81, 'Matador 50ml', 1, 14000, 17000, 15000, 9, 3, '2018-01-05', 'eyJpdiI6IjZPTHc2UDN2cDBHTWdoaFdDNlIrYUE9PSIsInZhbHVlIjoiRWR3ZUIyQVN3Tkt0OXlZNlk0MWQ5QzB4czh5NjJ2SGZtdVRDREc1UllaS1pYa3I3R3pYS0pLNkJUWGQ3ZDRycUxCYXRxY1hIU2JDK3lobnN5YkZ3clpPNSt1SkRpQkNGdk56cTI3N3ZnUXBXREREWkFhVVB4ZE1GK1VxT1JTRWpNM0FXb3dcL3J5TlwvVkdickdyZ0JXWjkwZjFhYkZUdThHNUFkV2tCeXhPbzdsTGFka3lQKzhCS250ZGMxbzRocE5tM01FTkIxREpCQWs5ZVFtYWV2NEhiYW1HNDhhYzVuZFlxNkxFVnBhclhyVjU1a05aV2NZbldVMUVvd0VSTFFBN0Z6b0h0TU5SQzZ4a0dGVnJhb09zYVU0Um1cL0JIV2VPV2F6RVlTRlpDMEoxUkgxbExqV3RhQmhFcUVBMlwvWVBjUGl5N2c1OHhDdU9MYW16SWJaeVB5ckh1XC9XdWk2bE80R0Qyd1Y0QTNGM1JtaFlYb3FnQ2RMVjNVM25QZXdqXC9kenFHeTBMVTZFVHVKV09HRFBCRzlDTWd3VFp0SEx6XC94VUp1eEZESGlnc2UzbEFIOTB1bnNvakY1azRcL0RDbDBTWDRlNWhNMjlRSlpoeDhlT002XC94cEE9PSIsIm1hYyI6IjliNWNjNzA1MDQ5MWVmY2FjZDdlNDZmYTFhYzkxYjQ1ZWRlMGUwYjIxYTc4NTgxYjdkNzA0ZmI0MjM3YWZiZDgifQ==', NULL, NULL),
(82, 'Calaris 500ml', 1, 151000, 157000, 154000, 54, 1, '2018-01-08', 'eyJpdiI6IlVQUnNkdXp2ZzBrU1g5V3BKb2RTOFE9PSIsInZhbHVlIjoidVpxdjZ6cDRuUTFzcXhZeFpXcUo2MCtrcit3WUl6MWRoaWJ0dlUyUlN2SXhqQ09GbUJKclF2dFhCMklrQlJsTFExRTFOSkh2SkRwK3NjaE9JaGp5bEV4aEQ1SzIzQmZscHU2OUFVbkhnRTlSOUVIV2FlRmd0dGFqcnZ1aDNlU1lwSWtDSUVqbkdrcVJlSDRrd250dVZCVFFVNzhhZmJzdGE0RElUVDFIcFNVQWdHdTNBNzFKZVpyOGViZUNYc3ZpZ3V0Y0FvdzhjWWFzTEpqaG1ZK0FXaFpCd3FMcDNhMDR5eHh2elJmVXVJMFN2NE0xa2lIZmFnUUd0d1wvTytHNVB5YmdJcDdZV3E3RnJ2RlNTOEsya0N0R0w2bDllVWg0RThkQkFwUUpEMm5DbSs0VDRramJYYTlSSXlBejdueGNsdERvZDdcL3Z1cThvdW5PXC9HcTB0anpRZVFxK3FWOU9GOVJVVUVWUEJsUnhjdmcrd2w2TjkrRmlBdE4rNE5yNzFzNHFcL1d3T1NHR1ZLRGN3VEdIQ3ZvRXcrTUN2czVNcWo3S0hTZHkwM1ExMGJ2Sno3NEtXbmJRTUZuODBpTmowS1JKZGxPQTJKdFJ2bHowQjI4ejAwSTlLVGhVUFlRR3FqN1BhclRYV3JUMDM0PSIsIm1hYyI6IjdmZGRhM2E3OGJhMmYxZDdiMDZlM2RiOWVlYjAyYzc1MmFkMDY1YzRmNjA4MDczNjY4OTM5YmM0ODIxMzZlN2IifQ==', NULL, NULL),
(83, 'Kayabas 500ml', 1, 129000, 137000, 131000, 15, 2, '2018-01-11', 'eyJpdiI6IlFFa01MRUxBSXN5Zk5EKzRNdFM3c2c9PSIsInZhbHVlIjoiOVJSekNFUVwveW8zakhrbDJSeVdmeks5cHdiMjNEK0xzb0JJUlMwcHVnbVwvTWErZmVKaVkxV3hvbGthTkRaaU1KbFY5dzYzUWpxRTBEdWdFbWk5MmVFTkFCOTNHXC9UYjBsT2xKbXdReE9cL0w2a1FjM2lUR1wvVE5IMlQwVzFYVXJHb0c1UjcxMGo5VDJYUjl6aFFzRElXaXVqYnc0UFN5VGpDRnNoMVVYZjFObFBpRFo4d21ydVlJNFg2WXFtVVU1Y2tIcjZVVjlYUVR0OFhwNGphRE5cL2ZtelZzYUt4XC85Y0NIT29OTHFEMldNTzV2WWNWVk9mbWFZSVE1K2czb01nODNmZW1pU2plTnFwSjZmWW9BNkVGYmt6VDJGaTZoUUVlcHlrQnd3RkVObHBBWEU5YkxJMFk5c3hRTDduR0dsYTVoekZqUllhNW1pTEYrNElhVThDWFwvMG9ScE1NbTJxendqaXc3bWdhWURsS05tMkJvOVZRRHlZamhpVnZhXC8rd0F4MXJDaXY3WlYzSXk1azR3QVdRN2FDZFwveEFBOUxcL2U4NDFsRDdyRkxIVEVXRkdtajU3RjlpUG42REJndDVaWWZRU3dlRW41Sk1NbWxkbnExaTJkcUoyTU9meFlzUXo0UmhYU2N3U1RcLysrNE09IiwibWFjIjoiNDI0NGY1OTM5ODUxYTQ0OTI0NTMyOGUwOTczOTJjOWY2MmVjNjQyNmVlYjVkOThiNGNmYzJhODM1YWJjY2NlYSJ9', NULL, NULL),
(84, 'Kayabas 250ml', 1, 69000, 75000, 70000, 7, 2, '2018-01-04', 'eyJpdiI6Iml3T1VEakdoakZOSHgwTVVaMjFtMUE9PSIsInZhbHVlIjoiOHVXM3BZcHBobTQyRVExT0FidFwvRVowc1wvXC9vdHJUeXA1NVpCYmFtanN3RWhYVEU4VDBNalFTT1lWcFJ6blwvejBEaEtnTG5EZFZvUURIXC8wNUlKYm5PSDJZOHdvYU1UYk5tMktISnBvYk5LYzBMMWo4RkhycG9sRUlCU1kwdzNPNFNzbGU2XC85TnBzUXNDalwvVGdGMnpvdGl1NHdFeEorR1lRazVMTTVKYkZ0KzVUN1k0dWhvckRwMUVETjZZQVNuNzlQV1F5MkpNc3pXQTRSWmdnempYQTNUdEY0YmtvcEhTbTVRc1Rzanh1VlloVlQ0bUhtaHJ1SUlNOTNmQmFDM1ArVUNRVlRBMlM5OTdLWVE1YU1PSXh4U0l0bThKdGt1UWxodVYzbGNiTDBKSlBNVjRhU1VoRFY0R0dRYXRjUkd3YWM0dHlRRTd5bFhXMm1LbkZkSm5PSkVtalVWSVVxaEVJblVNXC9GVTN6OFF3M1VNcDJ4em1Oa3M1UldOdDdJRHNFSFdzM0lKU1M5S0Fqa2RCSGQwZW5BV1E3ZDFudlVSZmFZZjNCQUNkK1JYRjkzVEh6ZTc4a0g0ZVJTM3kzZzFpWFhhVTFsUjFheW1ST2lcLzZFZzBaMFE9PSIsIm1hYyI6IjRmNWMwMDVlZGZkMmJiNTgwNWQ1NTIxYWY4ZjdhOWU5MzYyNTNhY2Y4ZmU1NmE4ZTI5N2E5ZDY3ZmRiNzAyZWIifQ==', NULL, NULL),
(85, 'Boomflower  500ml', 1, 90000, 95000, 92000, 17, 3, '2018-01-05', 'eyJpdiI6IjRaZ2JKdXViOVVLSlAwT1FyQW1YZnc9PSIsInZhbHVlIjoiMTBDMlBZWmJEQWViam1GREFyUGlmWXA3WFJ6R0FTSmhRSXZsUlZDd3V3bXRFb3ZXZjNOeXNOaVZkRHdmb1l6bjRBdWk2YjJ6VzI2cXhJUVg3MUJCUmxYTENhNDM3a3AxbFJJaXZBdVNWVW1GQWsrdE44U0t4RCtGdnpTWW1VbHNPVEoxN1wvTmV0Vmc3WU0xbURtanpXM3l3Qk1ZNEIxa0U0bTlCWkNraHprREQ3bmF4ZmtyM2dQSDhjT0djZHNuZXIwQ2VNQ3FJZDdUeVdLWVl4aDFLUXo5Y0hXMVZFTlJRdSt1b1wvaFNzdWFrY2h0ZVlRdXlQN0V6TXlWSDFYSm5JbVJQWDZvbXNFcVJMTUVmZDlydDl5alMzZEFPS2F1bUdMTUpFRzc4YmFxZ2NEaFZURW9tOXlvWkJhUDBDQ0RBUWg2dFk1R0YwdWhpaENLdm1oWHJSY0RxRFFqQ1hsY0N0bGpPdjZDRURrN1c5aG9oZVVnbnBzSjZOcTlBb3N3SStCYkE1bFh4bDBGZ0NjWDV1Yk44QVZzYk51VnFqNjJmbHVqaGxUSzFrTkVQVWxcL0Fkc3dNYlFPSzZHdGdOZlNqZ3ZcL2l6dnZyRUZiRkpqQ20rSVdBU0lkYSsyNVU5RlZTcXUrWEM0VXEyZ3FnPSIsIm1hYyI6Ijg5MWQ1ODgwNGUwNWE1OTUyM2ZlMWE3N2JhOGI4YjNjYzQ2OTJhNGIxOTU0ZGQ0NTA2MTUwNmZmMmRkMDM3MDUifQ==', NULL, NULL),
(86, 'Boomfower 250ml', 1, 50000, 55000, 52000, 3, 3, '2018-01-05', 'eyJpdiI6IkY0Z3VZakhqY3FqWW1makNkS0lWRFE9PSIsInZhbHVlIjoiRFBwMnJKS1p6QVwvM0E4cjNvTExHYk9KTTdsb00xUFZXNTdzdnFtbVJ3bFJRcHpnekpSR3hxdkthT2xIOTBBNkgzeWN2NVwvTjh3bnNHcW9HZUxDTXRVS0tDeGhDZzBcL1g1TlM1Qk9WVXhLVGpKZWlaZUZKZkhOQ3VJYnBha3JCM2dERnE0K1ZjQlwvOTI0Y1d5OGRqSmNmUXZBaHVLeXBNZVZDYUh3NWE3RVFlNmNhU0tTYXFJYTBFOVhJY1dSUHJnblhCTGhiMU9tMjM3N0pjenVvbUdQQ25YMEUrdk9TcFJNK0VWaE1wWmhcL2RNZkt2a0xURFF2U3BBMVpaQ1wvbVJkTVJ5dHZzR2RVS1BLUWhIclFrc0toSGxqZVJyd0M4QVU4dHVvbUMrelVtZVZSeVdYQmNtOEZmQUlJXC9BclU1UmJpZ0ZiOFFPZFlQdmloRklFRk13MmlVcFdQT3VQaWVjUWZRanQwbGJOY1wveUlSajNYM21tZXEyQ3ZlUkloZmtlYTNCUTA1VmJhOWF4ZCs2OVE5c3dHQW5QRmk2bldBV1lvb0R0eCtkMjk1VDhqeEZWK2s5UTlQdWl5ZFJnUFdTU3I1dzNKNVA5MWR5eGZOYW5GNWZReUdVQT09IiwibWFjIjoiOTE3NTBmOGNkNTQ1MTFkNDBhZjM0NGFkNTc0ZjQ3OTVjNTQzNjU3MTU5MjYyMWFjZmIyZmQ5YmMzN2M1ZWEwOSJ9', NULL, NULL),
(87, 'kingtonik 1L', 3, 11000, 18000, 13000, 8, 3, '2018-01-05', 'eyJpdiI6IlduOU1BejkrcHJQRXBCVlE5dkR5cVE9PSIsInZhbHVlIjoiRm8zODBjOFRaRjMyT2VxT25QSVpYdXBlM0N1Y2x0SHc0ZzJpVTdDUStyakhBbDYrS3BHdmNRK0RjeXN0MU1FRmJPbHVrZFhXSGJNR3ZzWGNueXJGWm4wQzBZY0dzTmJQSGQxY3UyZ2s1cEh0U0pUeE5WV0VoRlIyTGl0WG1oOWNYNjNISHd6ckZSXC9QQXRPaEtPcG81eG9xbm5NZVRZbzNCMlZybGowXC9TQVord1wvQU1uSWxaZEVnc2luSGVQQkNwR01WeDRJYXVEVUNnSWRSTHNaRlI2ZmhcL295Z0pzU3g1bVdMM2lmXC9peUVJYzFpQXJ1QXVJaERpOU9FV3dxaDlVUklHNlwvT05PWDRUQStmQmZ4ZFljbkZlMXdyb2JkODVDUU5DeE52Sm5yOHluQVRVVFhJa2N3TzB0cWo1dEs3RnFpOVVWMktDTDc3UFlPeTRPd3BrQ1hRS1YxSDRtcHNsMkI2dVhpbzZWUlFkS3pGbGNHV001K2FQdjB1eW56SFd1VUJzSW1mZkxnVzNmQ0Z2SE5JNmJIdmhjb0ZkRWZ0bW8wditUTG4xOW9tbXR5ZVBEVXZ6a29VV0NrcUpSMXo0WXJEd3lDOXgrSTRqSTA2QTk3cXFwT3c9PSIsIm1hYyI6IjBlMTBhZmY4ODcxOTM4Mjg3Nzg0YzI4YTQ1OWI0NjI3YjY1ZDNmMWQ5Mjg0OGM2MWM0NDVhMmIwYWExYmU0OTgifQ==', NULL, NULL),
(88, 'Kingtonik 500ml', 1, 7000, 10000, 8000, 11, 3, '2018-01-05', 'eyJpdiI6IjAwM1JzNHdKbFBGamlDRXBwV3lNeXc9PSIsInZhbHVlIjoibXhNTFk1Q0hMMWJrcG5VY2ZMYmlEeXFyVVFMcTNtYytUUnpFV1pMRUt5aEx5b1ZMOHp0eCtJUTBUMjNtb1pyamt5T2NrbWw3UkQyNGc3Mk42dFBSRHBTcDZrT05JSHdYQkRwdCtQemlrYVpwUFQ2aVwvSDlLd28rb2lBQlc3ZHlDb09CQk5rbFhnajlUbHdLemY0QXJPXC9iQkVBUStqMWdKVDc5REVzZVlMVVhpSHFuc014OGRDVmt4aTF6OGUyNzZqcG9TVTZ6aFhJa2RDZ2hKT0Y0UUR6cUZ0VG5SU1Radkd0NlwvQk82SEZsOGJZZFZsemZzRFo2Z3RFMXFVSHQ4THdNNmVtRzVYQ1A1anNBNjR6MUtpRmpSRG1MbCtBNXUrRG5SOUM2Q3Y4STNhMEprcmF5MjlEMkhGWGQ2MGtXTlJ0eTRSczg5V1BDcmEyQ0lwOE5ERHBvd2c0ZSs3UUNUZkZkZUh1TXd1bnhWRGhRRVhGVXBSc25SYkFId3BNV2YwXC9pRnpwMDhLU2lMRjZPK1hKYUMyTDQwMnZpZTB1Wlh3WkJNXC9xSDlIYVI2cWRuOWZvUTZtTmNJRXJLN1A3eUZuOU9XcnlNa3BPNlptVU5YdVhrUW5BZz09IiwibWFjIjoiMTA5NzBjMzU1YTgwMDhkY2M2OGJlYzRlNjVhYjJiYzkxYmMzOWRmMzNiZGI5MjE3ZWU3NDVhMzk4MGY0M2UzNiJ9', NULL, NULL),
(89, 'ZNSO4 Plus', 2, 30000, 35000, 32000, 29, 3, '2018-01-05', 'eyJpdiI6InBYWEFJcldlXC8za2NcL2M3NXVNQ1hxUT09IiwidmFsdWUiOiJcL1kxWVNpMDhlY3F6Q1JvQ1BPRUtzekVwdEtXdVlMbzdwU21oUzA3amt6WHpnaWJkMUNqTXhIbStWSHNybTN3dUVVRjJLcUdvb28zVFVsblNcL1BMREJxV0k1N21BMXVcL0ZCTGtQdlFGY3RFTERPYkVaMVdWOTd5MVwvenlwZzZVdXhwOHgrbzFBUHE5dFhVd2s5ZmxjQUxKWkF1K1NIS0FOZUhPVU1pclFyT3d1WTFjYmhxa0c0cXFLVlNVV3lNWDVZNnhuOTFyMTVSeUhjRzgzK2NzXC9SekxVQ3ZQdHM2aGw0VWk4eXg4NTkrcURBTmc4Zm85ODFsUEVpSjZ2clVQejJsR010ekZtempnREkwM2FWNTBKRHpQWlZVUmYwbEhOSzZrc0dhU2l4SHREM0hzd1VcL0RiblRtWnlFYnlyU1Q5Rll5N1R5NW9SK0tESXBIdmM5N1ZIalA0azc1OFc1WkNEUGFBTWdXNlRUSEI4NUJtWWpZZ01PbVdvWDdzSEJwZlF4RmpIcWlwdmZVajVyekI1aktCU2pjVVN3d1Y5cHZFTWhFODFTTmNmc3owcm5lM1lpNGRKQTdlV0pvZ2dqamVpbXk1UjVkNWloM3ZKT1dDV3daNTh4dz09IiwibWFjIjoiNjA3M2M3OWRlZDZlYTRiNjBmNjZjZjRhMWY4ZDBjMWI5ZTM5OGNmMWU4NDZjZjhkMzY3OWQxNTZiZmRjNzE1ZiJ9', NULL, NULL),
(90, 'Magnesium sulfat 1kg', 2, 16000, 30000, 20000, 78, 1, '2018-01-01', 'eyJpdiI6IkFySXU3a05LU3VMSlc0amxHaDk1UUE9PSIsInZhbHVlIjoiNHB3a3RBXC81UVJMTGoyQ1R2OUZ3bk1uSkI0eXF2a1o0RFNBTkl5UmdVblhobjRzUXhzVVhOZ2VtVlAzMWxTTWJlT3JNdFBxUzJWM0hLZGlCb2diN1B5blpGcVdQOVluV1haclo2cnEzRXNRR3RQSmI3dldUUG9EOCtMUUx3UEtyZ3pGV281WnBESFlENG5WcGprRThubDVBWjhGSHJYRTZYNExoVTVXSnlJejQ5RTZGUDl3N2tPY3lPVTVrS2ZPMHI4MEFIVE9GNDBEVWN4RUNLTjF0YUNoeG95UWE1RkhzVDI3YUs5NHd1Mk40MVI4TWZpRlBWS2lheUc1eDY5NlpPSnM3eUQrSWdKaHVBUmYrNW9lU0hlSFFsU3NJOTFRa0ZpTnpGcFUwZmdKRURJODlUTVwvK3AxeHJSa3FSSXRwSnVaWHVSb3J2XC9iTDhXOW84cTg4eUZEelVCbDFVVGJmK2JaUkprTXk1dE5GajE5dWJuUFVJcndUQStrYVdCWHhRZE5SMVwvenl6ZVcrQTFteFNyaTRWVjVNeVwvRlRoQlI2c3JzUjVGcHljNnVVMnVQTVVrU3F4SkNoMGdlYTljOTRwYjR5K1RXUzdPbDNWdmxQbW01XC9ERWNWRnhBWnhhSnpUT2NvOWdqQU9PYWM9IiwibWFjIjoiODJlZjY5NTE3YWE4NGRmM2M4Y2Q2ZjFlMmMyY2YyMDRhZTFhNjNkM2MyMjBkY2ZhMjM4NGE0NmJiNjQ5ZDc3NiJ9', NULL, NULL),
(91, 'SUMO 500ml', 1, 78000, 81000, 79000, 9, 1, '2018-01-01', 'eyJpdiI6IjdCdEJaRHhtREZsNjVod29EMjJ5bkE9PSIsInZhbHVlIjoiSGxQV2V3MDY4dzkrZGNaUnRzQVc3Y3FoY1BtRXdBRWF3NkNMQmJIclZxT2VkT2xONkdaNlI3SHBKeUxmUFE2d1JER0M1cHlIWFlLSHJvQ1FEblZSbHZnXC9rTWR3Ynlwc01odlBaZThjM1VGOTBwK0RYMWczOWwzMUE5MFpcL21pZThPQUxxUDB5bGxzZ1gwdmp0UXc2aW9WcFdoT2FqVXlsQWw1b3JlQ2pvR3BpSWFRcTRlbnN4NXZKTzFcL0F0VTNJVmwyUVVKRVwvamg1MzZFNmxjdzdEOGd5NGpOd050TVwvc3ZyS1NBUlJRdGZva21WOTQ3WGRKeTE5R252S2xBR0diY2xQdVVyalVycFJRTnl6ZFRCcFdwXC9OcUMzVWw2WlV3UjByOXhMN1VLZDRQcWgwYWpkSkd6RG5qMUl5ZFpzYXBuaXpBQXpaMFBhVHpybXZxNzdMYUVSbWJ4QlwvM1d3Q3ZVa3k4ZWZvUkhCNG9OUXY3WG0rZzk5U3VZY0pJbG05aVhvSkRqYXN3VU5XbTYrZGxVYkRhaWVXVVZOVXlFNVdCajVQNUpLZXFsRXBBeTFlV3UrOTlBXC9CaForZ1k4WUxnck9VTVhyZUdvc3J6QkNNZ28ySHZLdz09IiwibWFjIjoiOGE4YTg0YmE2MDQ5ODkwZWY2ZTM2MDY3Y2VjZmY1NTBmNTIyOWUwYmY1N2JhMWJmODg3Mzk5M2YzMzVmZGQxMSJ9', NULL, NULL),
(92, 'Drusban 500ml', 1, 50000, 55000, 52000, 5, 1, '2018-01-01', 'eyJpdiI6ImdjVXdEU1ZMcUNIUkl0Q2FLMlVocEE9PSIsInZhbHVlIjoicjdOeXA5WlpVVWRqV29uYVRNWFNvdG5LTnc5cnRyZUdYZzBtZ25VR3JadTdwR21ObkdEN3lKazhaTXlJZFdQSUxmWnc4anhTR0xLampjZEdYdXF5Z3hkN2FWbGlZaUtBcFRad0RXK3JsMlJ6eGVJYnhjd1wvZ0tZaDZ4cUZUXC92OUdIZnV3WjVSSWhnVEk0VmNKTEpNcTBUZjh2TEg0cGZGZDJMelVVcll0SisrYWRWaU92MlhTSWF2TW0rZ0JjVmFyYkJLb2huZVc2RUVNdUpSQzAzUHY1YmxlcmQwVnRQSVJrXC9sampoYmJHREFBTFE3bUNHR1wvazYyRDZBMWxxUndscFdpUmtobmdlUjVuUEw5cVV4YzZOdjFQa0ZjNVI3TmM0Rm5HUkJRamNIdkNuVXNEQ0Z0dkxIbW8relBXZzRhdnh6RWVoYXR1SjJoamdcLzZrYW92b1NjZlNWNWdrQW53YVBYcDBFTVhhc1hmak1DTCtZc0N5b3A0Zm9PcnJiOEo3OFkxZzkrdHQ1eklFUFplUDFIdENBM0NTaWVjRXNGRGdCWFUrb0JzY1o5dlZBY2JQK0I0NFNDTDZ0ZnJzdll6ZjI1TkRkTE02R0RxUUFwOXBTdTQySmh1bE9xS0IyYU1ZU0pTUGdvWG5IQT0iLCJtYWMiOiI2YTBmOWZlYjJlNzQ5MmM4NGU2Y2JlMjFlZDY2NjVmNTkxZTUxZWJlNjBhNDM5ODM1N2FmZDJhMjdjZjFkY2RjIn0=', NULL, NULL),
(93, 'BASSA 400ml', 1, 30000, 33000, 31500, 16, 1, '2018-01-01', 'eyJpdiI6IjVJN0dySlBZcnVKNEI5amZMNVF1YWc9PSIsInZhbHVlIjoibGphNUtuY2lUdzJHc3dzQUs3NmRuQXhCXC96Z3BuNW0zTXVvNjBRUGswOEU5TlFHRVZxUklYYytPYWordXYwMGhPck01OXN0SmdQdGt0U1hDOXFwUlZuK2RIXC9CSlp6OTlMbmMzK3FmcitlNnpyMkVodXhJNTdPTjhPNUEwSjdtdGs3TjhvTlJLblh4bmlzcXRJODIzSGZqOEpFSGY4N2FCS0x5MVBoR3FMbVBFMDRHWEgzVEw1eGRucVY3VnhiXC8wQUJWM0Q3QmR5QmNjZ0tsRWMwNmtoZXdLQzlaemMxcmdtSHFaRDJVN1JNSDZUMTdITGNZTXk1OTZJTng0V3VMYkxGOVltMFhjcTY5cEpmRGRoNFQzUnhxSk1YWDhiNFdqeU00Y1RGOVZLemZlaHRmcFYxOXozVlhEOUtrSFR3eE1TMHVRMGxKczdweEdBZWJkeW1ERElQWGV5YlBvSGN0a1NTaUJFOUVncVBiTk1xOWdIQlpjVTN2NU9BNFwvNFpXa3BNTjY3UnhmQmdyZ2ppR0NvMkhQUlVsdjdDMFdwd2xEcTVLYXE0NGdVU1RGa25HRks2anRWdTF6YlNGVTg2V1ZqYnhscG1CSjc5dUVvc0ZYZHRLS3N3PT0iLCJtYWMiOiI4ZDc2MTE5MDkxYmUzOTgxNDlhNTI1OWIwMjdiYjMxMzQwYjAyMWFjMmNlM2Q1YjQxMWE1Yzc0ODNjZTU5NTVlIn0=', NULL, NULL),
(94, 'SUMO 100ML', 1, 18000, 20000, 19000, 13, 1, '2018-01-01', 'eyJpdiI6IkhxUWx4a01nMmlncFwvem0xaVNFeHV3PT0iLCJ2YWx1ZSI6IjRSXC9xYmRkXC9vVU9QZCtTbG9MTElEVXFVTHFneVhuQitoTEhPUjlaSElkN3g4NlRtdzB3MFpub2xkN05CZU9GT2xSeDczQTRXcWlmcTJMNDRHZjhCVTdKekNXOFpPZlp5Y2pKOGJlalNROGFocTlDMjJudzE3Y3k2RktYdEtRTzc1ck56ZHRHTmJaRjROSDFOcnhkNHE2WFwvZTM3dTJKOEJ3anF3RTA3b2Z2U2VMUXlzdGhYRzhMdFoxU0wwaktteWw1Mk1hMTBBMUdGbFNCRjF3Tlwvalc4T0RmYVJONTVpXC9Fblc0VlNpVDFpQ2wyejQ3KzRSaE5iMmpaRE82aTRLSUFNN3o3Y3dIaTFDSmhnRHRKWHlsSElCdGhPa1dkWWJRdkljaVZiZjVJQjgxaEhrNjJNSDVmVWR5SG1EemZ4YVhxSkdMR3NJNWg1OWR1NlNjRDdBdUFoMWhzV015REZZNXVYdlREQmJOM2dKVE85UXE4aUZLMXFWejNBV0lxT3lZWGZEK3RmRlc4Z01IbE8yZzg3MGU1NjhmZUpJUmxmQkRzbFNQZkk4andNdHUxTDhtcENYb1RDREc5bVRkOWIwR0hlV2JPY0ZaN09jV3hSOEVzTkJwQ0E9PSIsIm1hYyI6IjY0NTRlODUyNDE1YTAxODM0OTVkNzc2OGM5NDAzMGMwZGJhYWQ5MzM1NGExNjcwMWE2ODFiN2U2NjliNmYzZTIifQ==', NULL, NULL),
(95, 'MKP pak tani 1kg', 2, 30000, 35000, 32000, 8, 2, '2018-01-03', 'eyJpdiI6IlpQdHZiNFZRNklKKzB0bUdubzRtWHc9PSIsInZhbHVlIjoibmFUOHg1bkE2NHI5MnJ2Q3NJU0tUS1wvMjh4UUhWN0huZXJCT21YNU8yaEJcLzJ5VTd1SXF5MkJINmt1UXB0SjBxNUNwM3B3dVh3T1hkaVRqQXBoYUZkSEdiVUpSZnN5T0VhQzhyWXBYcllZSG96SFJpdm5oV29iWWhDeStwSXg2U0VXMjFoXC9BN2l2WmxIdStKRjdnQ28rMm1LWXhISUYwOEZRTUk1UXFMXC9lcU1hNFpxclZTUWQzR0l3M09pYlkwa2trdmxPd1VKRms0RUgzOXp6eFJVcldhV2I1TlZ2clViRXJaREtSQmdrNUlxWDFRZ2RTWGwrcXJmRTg4M1NacnlTUVN3WXZETmdHeHMwb1p3R1pSR1B1aTBKMnBCRG14dHBtdWhrWk1OdWF2SDNWdlJKTlBVQ0grXC9MQmxKd1NUSFpUbGZOOEhFcFlOYjRQM0xOMVRhV1NuSE0ybk5Da3E4WUJTbEVqY1BcL1A1V3BQbDZPbTcraTh2MjQ1VVJtYkwwUFl4RGtteHR0aUFjRDRjbEVOYVNxSWMrVVJQdXB0UDBwd081K3E2ZXBjb2lSXC9mcFpObnZuWm9vN28xS3FmZFFjQlFYaUdwUTZBNkl6TFc4RTl5MW5HTys1WnFhQ25pTFg4ajN6V0lHeTZ3PSIsIm1hYyI6IjJiYzViNmYwZDI1MzQzZjMxMDlhYmU5NjU4ZDE5MDdjNmRhYTcyNmE1MjQzNTMwOTI4ZWNjNWFmMGRmMDBkMjkifQ==', NULL, NULL),
(96, 'Lannate 100gr', 2, 17000, 20000, 18500, 3, 3, '2018-01-05', 'eyJpdiI6IkpzRnBpbklNaDJTbUkzN2taTFdVRmc9PSIsInZhbHVlIjoiZ3VBQmhcL1E5VGJVSG4rUUgyZkhKUmF4MlhcL1dhblJDZ2dKQ3YzMTFcL3hxWStZZzJRMlprbkk2OEk3QjFURlJKKzV2eFFUbnFuejJTT2QzUWRLY1hLdWhNRFZ4dEN6T0NsK1wvR0pybUpqNWRtY1NGaE1takYrb3hReGcrRFd1cDVwUDQ1b1premE3UkFTTmduYUUzOFNaaktKaTJkSW9FY3lIS1NmMldiUmZtQUM3dXNRVjdiS0E4c1FxV1VSeStNeFJZem5MS1lkRm44QjFxbGJ5d0Mya2lobXRRSndnazY5aTJhdlE1K090dmR2cm9XSU9UdmRpQUVMcFptNDU2ZzFKXC93QTdxSVwvNTdOSmZueGlXWnJBNUNrV2ZKNmFYOTNTaTFwekg4dGhseFYxOElKa3BYcHBnSytyVmlpckkxQ0MzVm83c0xCWWF3aGpuYkZ4K2hlT1hEWHYxazZJYVJzS2w4K2pic3hCMlI3OVV5eTlJZ3NMV2ZEdjRpV3NyckRiZ1FZWEhjbnVUNTJnRkc0RnBJVjVQWUFRb2xvQjREMGxmU3d6S21ZTktIamdzMU5uMmtYRWp1QkdiVUEwS3Y3UUZtN0U1SFdzak54dFg4WEdZbTVVM2c9PSIsIm1hYyI6ImU4ZDEwNTI4MTliNTU1MzhmZjBkMDk4Y2Q4NzM1ZWNhYTQ4ZDk3MmQ5ODU0ZjU5YzAxOTZhMTBjNTcyYzIwMjEifQ==', NULL, NULL),
(97, 'Marsal bubuk 25gr', 2, 6000, 7500, 6500, 167, 2, '2018-01-04', 'eyJpdiI6InBHM3FFUXcwd2V6Y3FZVFwvc0J4aUxRPT0iLCJ2YWx1ZSI6InZSYWJONVplVE9VUlpzTUNTQU5iMmlBT2JpTlB6b09ZVk5oK3hBaTNNOTZsNGFab2tPb0FHbGpcL1pnRVRcLzIrcGlsaGN0cXF0NUE1WU5RRmpXZEp3K1hwMzBwQzB5UnE0MDZiNUNFZkNkQks3M3ZHbyt2dm5Fa0RjN3EyQzREZVB6aEkycCtrbkY5RGV5NVJReVhKWEZpK3pmTnVqZjJaTkIxaFNjNHUyaVplSG8xKzl2aitEd21QUWkraGF4ZFdWaVJCN292SXhKMzkyWWhrcEF5QndJdFE5aXoyaHl4Z21wYkdmZEkwaWl6VFJNcXVQanBUK2NFSGNtdlNJd280UElSRU56aGpsTnJzd1ZSWFUxS0pTR1NvYkJzWFUxOXhWV0RkZ0xiOHVCMms3d29BNFVxcEdZaUFXVFdGbWxVZDVmcmV0cDQ2NnMyUzBuVFwvVjdxeHk5SXdLTERBQ2ZhXC93QzN3OXlWZ1VySDcyY1VMTnUwRVlXU0tQY3BLODJhMm0wMjNSK0NPNlF3cGord3VDb1BFdlg0SEI5czlIc2p5Z2lCZnlyV1BaTGh1eVRFTjdlVXZvaFBmV3M0VXNtVXl1TlV1MkxrakJZbEJoR0J1RlZINUNkQVJGajVreTR3c1lcL1g5NzIwbWJ2M1E9IiwibWFjIjoiNDlhN2YyYWQ1OTE5NmUyZjJkNTMzZTNmZWU4NTRhN2M3OGQ5OWM3MTJkMmNlM2M1NWMxMDk5MjAzZjM1MzJkNiJ9', NULL, NULL),
(98, 'Starban 100ml', 1, 16000, 20000, 18000, 34, 2, '2018-01-03', 'eyJpdiI6ImhqU1EwUnBWeHBkK1RcL2Vrd0hKMWlBPT0iLCJ2YWx1ZSI6IlIzY1FHY1NUc1lONktsd3BBamhpcDlTOFRETUlZak5LVHpNcVQ2U2RYSGZKNDlDWHg0Q2x0U3VvbnJtdHVcL2ZjaVZQcENZVFI3eE5hWDRwQXB2Z3JoTk00UzNxUmRHRUtqYXJNTko2V2swa2pzczNNOXNJRVJ6VlFLN1wvVVJGSFhmU2hBd1VWcFZjM2FxQ1wvUnV1STAxWjlvRVJrRlpWVEIxcExYcDlsNG5USjlQemVSK3k0anF0XC9LUG5uMWhqQnNBdExDMFlLMWtUM2t0NlpnNGZrZTJicHBJbEhTc0RPU3pWRjJBRHUyT2ZZZGxTVXNPOG1CWnIrUzU5U21nOXFTcFhGSHdHc09PbUhmR3Fva3dIaXVJWXlNZ2s0MDBIQzlRUkJ4clBIUHlGd3JcL2p3b3ZFOVBqMWVXK3BPQllVZlFpc2NcL0trWkFiZXlHeUJ1bzMwVWFWQnVYcXB4eFVtXC93K1pnU2tMV0txRmNvRytBXC8rUnFLVktld2J5UGZRTnpHNEZZY2lNUk96ZStQWWpHR1c5QldOVDczNUV5U1c2djF2dXFoNFRHcWRXY3VXKzlRMjd0MFdZWUtqZzdvSVhjT2tjTmdMTElVdHB5blhKRGlJQ21jNktBUFwvcHpPUWlSMCtNS0hXVFk2bzdjPSIsIm1hYyI6ImJmNTVjMzkzMjExNTFmMWM4MTkxNjAzMWQwZGFhNTI3NjAyMDgyYTRjMTY2YThlMjFhNGQ4MmJiYzY3ZTA0YTQifQ==', NULL, NULL),
(99, 'Rudal 500ml', 1, 45000, 50000, 47000, 10, 3, '2018-01-05', 'eyJpdiI6InJMXC9TZGljNTlvbFA2T1VuWk5RSUh3PT0iLCJ2YWx1ZSI6ImdFbE1TRU92dGlxYWd1Q2JGU1wvZkVVN1dkNjFGMXJHMGowZCtMRUJCWDl3ZGxXOFZWeVd4eXh3eWQrdENJb0lRZkM5SWhJSCtmbGZ4NHEzTGhhRTR2WHp3WHF2ZGNSRVVMRUxnS0NYSThPTFdlWXg4UVBhSmlVM2paTmZrdjlFdDBmbVVIUVRkcnhXNVcrTzlZWEZEcnZtdWw4ak9TT2JkQno4amhSaHBjNzFzVXlNYWViRW42NHNUa1d2T2xjK3N4TkVMNHkzNndiNjFcL2FxTTNGOE1ucER1QzhnSnFrTmJjQXVhSTY0bDgzQlJMVjNIU1UxK09nWWdNTWJyOEdPZHRDd2x1MjliUytFNTRKTVVcL2RwVVArRkhuS2ErU2dNY1RyOHVrdktrbVhsMWNLb3RcL2szRkc5U3VGaWF6N1d1WjBCVytCb3Iwd0lHN2hrV3Y3XC9BbzFtUU1zRGZhZGh1QWlSNkd3Z2R4aGFOZ1ZnUWtFZXhcL1VzQm1jNkZTamdGM2Q3MUcxeWRPd2Juak1TSHY5TEN1aGRNUk5kTUVcL1VTZEs4dmo4aWo2XC9MZFc3SiszWER4Q1YzZE16XC9kXC92ZmVyNjJjaGhsb0JiMWdtdzVZTFpleHIxQT09IiwibWFjIjoiMzNiNDc4ZGMzZDJhYjQ0YmUwNzMzYTM5YjE0NDc4MTRlYWFmM2JkOTk3MTYzOTZkYzQ3OTRiY2Q5ZjU2NDY0ZiJ9', NULL, NULL),
(100, 'Delsen 100gr', 2, 17000, 20000, 18000, 9, 1, '2018-01-02', 'eyJpdiI6IndIZ1dYcHJwbnEwbTZHeUVZZzdZUmc9PSIsInZhbHVlIjoidWxXM3dJTkIreWZ3bXdVMjZvOW5TMzhhWnRjajRpRnVqT1wvdHZ2a1dBdnkwblwvRmF0bDZcL1ZnWG9DQlh0eWlaTDhBT0lSQUl1bUNMWkx0dHhHZDhGbkI0ZXBQc2tXWUFTTG5SdkhKWDFGSXV4UkNqUWR2ckYreGdWSHpYak9aOUtDb0lLcEF5UW9reGZiXC9uenBNUkdxMUJWWDdZVERad1BPWDl3Nm12aENvMXhBelhVeDVzTmFrRkE2bWpvZWZxMVdraEdORFFvbkR4YUtKQk9jRUpWWXV6T3JmSFFJdVVraVZLRGN3MTV4TEFjcFdKK0V5eGhOdGhyTWFweG5sZXJBemxZZkZka0VTWVB2b3pMbjRwV1ZORGxMbXQxUnkyd1A1cUU0MTNTaUNRRFJndnNTbzdDUVlHb2Q5NzJcL2cyZml1dUJEZlVjVHYraEo1Sk1tV0lwYmwzd1QyY0dYZnZ4XC9MNDFxdm10QkxkWEM5SThpTFpNR0tXTmc5MCtBZm85cThSa2orQUNJV1dhNGtVRThadlp6QjBVWHlRQ3MzQzhKZ1FZZE9CVEhJaHJsVldLVUNNbFhXVmFNTkZPRmxSYXRSK2g4bnJzSVd4TVJIWlZrcEp1WW5EUFFYNlc2dStLZnJtYllzWVNUK0U9IiwibWFjIjoiOTFlOTBjMDdlODFjNDk2NWE1OWZkMDBmMjc5MjI2NzM5YzE4ZGEzMjg4NTc0MTQ4NWY4MDU0OTdkYWZjYjQ3YyJ9', NULL, NULL),
(101, 'APPLAUD 100gr', 2, 18000, 22000, 20000, 36, 3, '2018-01-01', 'eyJpdiI6ImtrK2l6M0UyUGFweG5Sb2JcLzQ4ekpRPT0iLCJ2YWx1ZSI6Ilh1NTJHeVlISWV4NTZcL2NVQkFUU2NhWUR3K0YycXpVU0NacXhWMFlVRVNNdXU0bzZ1WDd5dng4WDUzVzJqSm9DM1ZkM0hGNGNmSlN1SzlMTU90ODU2N09rbG9XaVVrVTdOVDhCUXVxVm04MDNNTUl3K09RN2pUWUNZbDdhT0E2V2p6ZzFJR1wvRDRJYWZXeUt1azRmTnluNVBVaWxwd1dMQ2o5dm5FaDF3aWpSSjlLN3MxK2RLYnZXQ3FJMXdHaTZkVkN5eXZjNXVHS212aXRtNXB6QjVTdm0xQVwvMzFETDdCMGpsdmJPaFV4MDFxSTFYRG13UFppS25JOEZrNjVLVDlHYWxYelFuYTJwNEJwNHpHZDRpMGVKWkg1U1FYd1wvTTNRZjZFXC92cnF2RWs2VUZEc2h0RGVNSWw1RWc3MFlcL2gxc1NaN2lPa0ZFS21pRGxkUFRcL2tiZ0wwaFJWd1c0bzBLSHJzUndOS0F4akFmd25sdzhNc3VcL1wvT1RjTUt0SnduTUMxOXo4ZzNtc3dQUzRxRWJpRllDNUYzTXplRHlvOTlcL1krczJYK0dTMmJRbm5cLzRXUUNqZWdFQkxNTDVqZzZBWW1YSHZXM3lYVjZhUEtOcmhVR0NzVGc9PSIsIm1hYyI6IjdjMDMyZGM4MGI2MTNiYzZlNDM2NTdjOTE1M2FhMmZhMmU2OGE4MWRjNjExNzZkZmNmZTBkNzBiYzk5N2YwZTAifQ==', NULL, NULL),
(102, 'NPK plus kingtonik', 1, 30000, 35000, 32000, 20, 3, '2018-01-01', 'eyJpdiI6IlVLQ3Q3MmN3RXdRNEpyTEJ6dHMyUnc9PSIsInZhbHVlIjoiQVVSbXFBaTJ6V2JTTGRFMk9XM0p0UjhETXBGb2g5R1dsVWFCajdYcHdXOXdGYzhQSFEwbzZCV0xrRmczSk9rcWhqTjhUbzAwR1c1QTBIaGRWSDcxejF2UVRlbFwvTUZoa2ZUS0tZN3pMb2pFNktzQkhaTytcLzA3bm9OUERUZmYyUEpjNmgrOVdid3lEWWk3TGRiQlwvY2lYQnpqaXJKMW5QWjltb1NxZE5VNFpxRzNmSENOcWI3VitKNnBFZFFIcVVOWnZsQkh1UU5HSzVTOEpnWlhiXC9WSlJodFdHVDdzM0hSR0RlSUFZQTFTd21VYXVcL29TQWtQVkdOXC9UdW5LbDc4K0NaK2JGdk43bnhzcDc0Skh0Vm1JUnA0U2xQb0ExU0RiUDBQVmxFV2o5Tlwvc0NXck9RN1hMeGk3Y2d1azJNbmRoZWJremN0S0dOUmh0XC9VOEdaYytTQXliWFh5U3lOQXpvcW5pWG1XdVVwTnp6QW1XN2ZHcmJLVExGUGRYVXpTb1QxVkNLcHJBYUFrN3Q1Rk90QXQ4akVqa0J2SldRVHlMQkhKXC9TbXJySDVcL1pzOTA4OVZGbFVoZlFIbndsMjhSRkZac1hZTDBjNG52NVIza3k2OVhub3NuZk1iaTVrYkxTYzY0UlZoYWJyOTZZPSIsIm1hYyI6IjI4NzZmNjEzMzI3NjU2ZjMzZTU5ZTU2OTY2YzIzNDcyYzAwNjZjNjk3ZDM3Y2RmNGU4Mzk4YmQ4ODRkYzg5MTQifQ==', NULL, NULL),
(104, 'Yanet 250gr', 2, 30000, 35000, 32000, 2, 2, '2018-01-04', 'eyJpdiI6IlRlZVowZnpoTzZvMjdDWEJ0N1U5cEE9PSIsInZhbHVlIjoieFwvNHVvcFh0VkNWK0JBRkQ3c3VtZ01Nc3VYUnhMOGV1K3cyck1aODFsanNaWDg3VGhuU1FobWtIb1BCSE13VVVcL3g1SVlmZkpobWlnbUpSVDRuK2prT1RYam1tUHQ2SVNPVndFSTllWUxnMmdsR0lPMGM0RjBaUlJRZGpRQlB4RWFNNEVQZGI3Uk53XC9YQmF5NmhDS1pUeFh0XC9QNnM1UFlBbVRnbVAwRnNxeklub0NzMHNadU5rQ2JQZld3WmlXRk84aG5mcE9qN1BlSkg2dllBU0ZKSlhtWXFONmhXamJNY1dBQ1FUWEtxekQwbEJsRGFiaWNQUk5sY2FKRGVkNTczUnI4TGNKODlVakRsS0FXV1hrS1dDMkszYzBcL084d0tBR3JwNEhBSnB3TFJRdjB2MFJxcGJZS0VLMXF3NWNFRjE1aExqd0FiOFJlcFAzRFBFSjFNd3FKS25kTnBPVDhmSDh1bENmalltOVNLamF0bVVMd25ETGhaSFllUzUxVlpIQ1hITUE2bEE1OUdzN25TT0VjaFB1bW16VTk4V05yU2NRcXUyaVwvOU9Ja1lOMmJyalB0Q24xNXpKNXZHOWVGbnF2QktrREUyQXdSbG5VZ0xGdUhpdWc9PSIsIm1hYyI6ImI0MzRlZGQ2ZDMxZTY2YmQ5MGVlODNmOGI1OGQ2ZmFmOTk2YmRiMjYxNTAyNDllYTI0MmExOGJlMmM2ZGE0OGMifQ==', NULL, NULL),
(105, 'lannate 15gr', 2, 5000, 7000, 6000, 4, 2, '2018-01-04', 'eyJpdiI6Imh5eGI2RmM5eXBybEYrd1FwVDJsYlE9PSIsInZhbHVlIjoiSjFGTjVUcEkwc2Vudmh1MmZUdTFKKzN6ZFF2ZWdOWjJNb0dZNHdScTZ0VHYybTl1dkhBZmtwdXJ0RDJEUEJIZFwvSW44SlI3OUIzdUVLMVlLNVY0TG1INk5TWVZ5Q3p5bitFR1dSZVRJZnpOK0U3OVwvc1NBVWE1Wk1NaWVGTk1EbUtocklrMFlDRFdJOVwvZzBKb0hxXC9SK1FkUXNpNUl5WVhsUzJtek5Yc3ZnNzZhclwvYktXTnM2eXhiUVpaRXpsZ2tyK2hkWHdTQW9FVkdkTTd6eHZESHNWeGFocDdnQjFVaGg4eDhHVWU2MGkzNlpjdmx4SVJiWitmRVNNZ25xQkZoZTg2aGxVZVA5U1Q3MEVDekhhaElsa1JxWFR1cHFmTlVRcTB2cVI1aGRDTU9WSXhvVUtpRGRvbmJBWFJQb2psTkpNekxJcUhvNXZxSEIwMkxJN3BFcUkzNGdNR05SNnhJaVlyZVlHdzdxRndjcUo2a3hSSHFcL2s2QnhBWWsycXFFTFp2aFZXWkdxVGoxOGVwQ0ZjdDYyTFVuQ2JKTUtwWmY3ZFwvR2p3dEZGQk03RnJsbmh4OVdsZHF3KzVBbmtXTGhMaGZZZWo4Q2xoZkVkVjYreFJocEd3PT0iLCJtYWMiOiJiNTJkOTYzYTViMzNkODdiN2JlYTgwMmU4MzZmNTExOTFiZGNlZTBiMTEwNWM2NzVlZWE4MGQwMWFiZjMxMTkyIn0=', NULL, NULL),
(106, 'Mipcinta 100gr', 2, 26500, 30000, 28000, 25, 2, '2018-01-04', 'eyJpdiI6InhjSjQzTnBjekQrWDJBa1BYeVZuVlE9PSIsInZhbHVlIjoib29yaUVDaFwvQWZJa0xsZWwyWEw5cWp5aHRnNzRLczlRdUNoMlF2TUI2RWNXKzRrZmVuc3FqcTlUTFlpT2VKSCs3MDBZRno3aFE2OE5zYU1yZlwvYkJXMTJ2NEdNWDF4dUtDMiswWDY2dEptRnVTbHJadUI5OVZqNUVaa2hsQlVUTEw4c1I4R2FFSEs3NlVDNzhWb25rdXJNWEFweUl1TVpqSGRXWE1aWnBNTXA5NFlua05pQ1poem82Zmx0T1N0K1R4WmxYMkNYVTJUdW9xNTlpcGI2U1RSeWY5dWxxVndEMnljOGpLVDU1RTUwWEt1U3Ixb2JYYmx6V0xWXC8xclE1XC9abkltaXpLOTI2ZmZsdUNtejJHMUNHVXo1RFZwUnZpNDJcL2JJZkdyRVJYQXBIeEM4WUpFM1FURWx6dm0yMU9TSkFEMlJBa21GUm9rZjl2RUJBTUZaOEdlZjJ1dEg4R0RwMlpIaytaUFpBWjlQalBrQXlNUk50Tk5zVUt5Skgxa1pZQmNObnQwXC9teVlHOEo3K0RaVDJtWDlXMXdNWFRKZ0NHS0J5UmZ0REo0RkU2VHltZitPMm9EWjVtQ3J6WEZ0WUZcLzlDdEV3aU9zcDRrc0FJMndRSk1WR1NPa3JCdVRwcHBpTGtLenVXU2tBPSIsIm1hYyI6IjY0MTI2NjlmYjM2OTkxNmQxMTAwZGNkMTJhYjNmYWQ3YzczNDAwNTc4ZWU5MjIxM2Y5NzEyMjZiOTZiMjViNTQifQ==', NULL, NULL),
(107, 'JOSS K 250ml', 1, 50000, 60000, 52000, 3, 2, '2018-01-04', 'eyJpdiI6IlRyMXlsUjB5N0ZiUk55UHpqZXJoeGc9PSIsInZhbHVlIjoiWEVjNXp5emVwcXRNV2krcUJvdjgya2kwUGFKYWZDSE1nTm9JMm04bEl0NkJzcGtucWJBOTVhOUpnVFBtbksxTHNYZ0drQlhLc3hHSkd0MVlcL1J6U1BOWkd6b1czeUtBSkx0OVNqMDg5MW1BK25cL3VwdkJqZU9KYk1kOUNlOEtWR3ZPcTlXXC9nWVJHSTJyZUpVb2VKcGt6VmZ6aGZ2d0x5U3k5YTVcL012TGRtNGN5OHlvRzZpSFh2RlNWd3ZvVHJyK3E2U2E3VzR2NE5xUWRLN1hLSExNQnpVbkc5YVYyVFI2bVwvdVR1a0lab2FDa3MxQVdIYmxcL0dWKytkbnBQanFNRmpldElqQmhnMlFiRzlrZGNnN2FOUWRwRTBUblpHY3ZJcXUwVmJqTFFmSjVwWmJSUXFRWjlPR3pabmUySkMxanI1Q24zRHJoRnlkemtGNFZ3dGllQmdDRzRhXC81K0N4NTM5enY5am96RUtaOStBaHgwQlVBZ0h3WGZkT2I3QWY3NzJYWmtHS01cLytXMUV2SUlsOVBuMTlBSkg4cUJhUElVaXJQWE5vU0JkRFhyTWc3S2xcL3RwMHpHR1hnNjUzVWFRTEFhV0NJOU1QM3ZlMnF2MkI2SzZyWWc9PSIsIm1hYyI6IjhjMmMyZGE1ODY3MTU2Mjc0NTk5OTQzZTJiODU0MzdhYWQyMGE4Y2Q3MTkyMmNmNWQ4ZTJmNjI5YTFmOWFjOGQifQ==', NULL, NULL),
(108, 'MZ800FL 250ml', 1, 55000, 60000, 57000, 9, 2, '2018-01-04', 'eyJpdiI6InBHNDQyT3lNbDlPMWVIXC9XVjk2dUZnPT0iLCJ2YWx1ZSI6InVIOG1YenNSN09qaFE1RldVVFhDMGROUXJueXY4MVFhVXZZZWMwSnFWRHhqSzNlek1pTVwvQTV3M09FVG1tSTR4VlBtMUlWQmdnY2lrdHVEUUxZXC9cLzJrNFQzRUtUdUozbHVrZ1JjclpXUkFmNWVBNFY4dEdMempXNnNJSU1ENDJiakF5a215VDBcL2xSN3R5WU1LNlJOT3lyaGhFZTFzcm9IM29qT2ZRRXNrRmZFb1ViaXZiTmVjbWM5RlZrSWdNcldva2Nuand3V3owU2lKczJtQmVkeHJXU0pJdUdYNndEa3V2OEhjTm41WXJHNHJRNU5wRE12ckE5c1Q2TVN0TmxBZDRoTVZQUGlqMUMyNDBSTjRuR1JXazhHRG15eXVvNXdpXC9XY0RKeCtmajQxUlR6cUhhNjhMVXFXN0VXcEtmcEpWNTNsSHdzd0hQVEd5ZDNYeDFOM3NNQm41b2F1VGFzaEh5T1dLTWtMMmw4VFRicHNsZVdoNDRMTlwvaThnZHdkZnBZOVlcL2R4RFRPS1I1ZDJRb2RSUjBSXC9NVlFKaUNWc3BQK0RTQmpkNGtZTm94VXVlbkNiMklmVVp0eXVRdktlQVk5YkJXNzloZlVqUk5rMW5BR0I0Wnc9PSIsIm1hYyI6ImI0MjcxM2U3OTE3NDY2OGZmN2E4MzdhZjlhOGVlYzZiOGU2OGRkZDE5OWU4Mzc1Yzg0MjIzMDJmOTJmN2UyNGYifQ==', NULL, NULL),
(109, 'SATURN D 2KG', 2, 25000, 28000, 26000, 6, 3, '2018-01-01', 'eyJpdiI6IjFTam5YbjhrVERBK0RrS1U2SHFIUkE9PSIsInZhbHVlIjoiZ1lwRkRIY0Nod1M3U092anBBaDRpTFFsQWdrS1RXNUoyZFVRd2J3ZkJ3clQ4YkZCZUk0cEpJUlFaR0RhV2hvUWdyd1JMWjNsMTJKaEJRXC9UWDRNZ2o0amhET2FvQU5Pc1RTcTRYRDEwcTJjNUdiREs1aDg2VjRmYUVRVkV6c20xNEs5bVhlbktzNVBhcG1FcW1cLzY1dEpqS3RUYUcrZFV5SmhYUWh5NUVtWUJhU3FkZWZVdWFISzJpVnpDWWlQZXdDdGRyYXo5TnEzTWFnQlZQV1RqbnA5a1ozckNkWnRzUnVmRXVcL1wvUjIzZDZUYldUS2MrQUdMZHY4cTBwQXFYczNoRG5kUjlkdEFXS0lDaTlaNDg0Tk1hUjZZZFVEVnJ2USt4dFJ1eG4rUm1VSDJHNkY4eGl2ZG9Oa2JvXC9yeW90TGJ2OHoxeE5tZDRaN3NUcWFJZU5FaTN0VXpcLzNzMVFOQWdFNEVkdTcrRmQ1azg4aFQ5SURBcnhCZlJBMFJRcENNWlVpYmY1TzJyTUgxZUVidFVaVUYrWVlLNExTbWhUMEJcL05mTHBDNjFhRHFcLzNYbkYrUHhZNHBnSHlLc0NpbTNLcHJYbTEzeWNKWm1ubE82cHVDbVdLdz09IiwibWFjIjoiN2Q4ZWJmMTJkMGUwYjhjYzEzOGZmNmIxOTkwYjBkNzU1YzIwZjRjNWMwNDgyZGU5Y2EyMGVhM2VlMDNhODMyOSJ9', NULL, NULL),
(110, 'antrax', 1, 55000, 60000, 57000, 17, 3, '2018-01-01', 'eyJpdiI6IlJyN1wvdzdcL0Z1a0xOQ25mWDJaMFJQQT09IiwidmFsdWUiOiJPQWtaVkNwcGg4RkhteSs4TjVXZlJFWW1pY1g3WFVoTmxKNFwvRnhrR1JydUZpMkdHS2poazI4UkJtUE1MNGhjSXVYQnJhTndyN1wvcUNkS0RadlhDeFdiXC83STd1aCtJSGF5bW1BNlJod3hRVFVyME50dmNlTW92aHl2RWF6RmZpeVwvUUFcLzRXYjNOcDM5VndsS2pSSlwvT1wvdXUzcnVBXC9lOVdJS3hFdmdDVGsxcmlCblVraXYrQm5yekY4OU94Z3dRdnBtV1wvRXRzRWJ6YjlvS2xseUs5dnRhR3EyUE8xMHdLUjRxcDRCNTFcLytJQTQ3OGNTeTRERHdqXC8yWEp5c05uZ0hVSGhpMnUwYUlVQVNoWmJvblwvMTNBK25GTnlZNUNzQkNLT1daVytBcHozK0ZWRFFFajBOVml6NDVLMWJ1dHpVUXR3U2dBVGJYWjVMNkcwcUVDb0htZjhpUzM2VFVKTjFtXC9XRFRkRzJSRmtVWU9Pand5cUFNNlArcFozcFQ0TkRicHZxcUhyeEI3NE9ieVwvQlIrWHhYMklFYVR6NzduVFU1TGRFVVRqY0hQcFFqeWhIR2p0Rm5qVW5tY1ZvNFwvSFZET1RuTjlqcGhxT1BWd1A5c1hKcDBodz09IiwibWFjIjoiM2Y5ZjEyOTczMDRiYzc1YjNlNDRmYTgxZTc2Mzg1ZDVkMDMxMjhjNTgyMzBiOTZhYWQ1YzFmZWM2MTBiNTFmYiJ9', NULL, NULL),
(111, 'THORAX 500ml', 1, 55000, 60000, 57000, 6, 3, '2018-01-01', 'eyJpdiI6ImQ4bGNIQnF3OHhrbGJJU1M5Tm9yNUE9PSIsInZhbHVlIjoiZjNBXC9ZeU1zZVJCcyttazUzWU4ra0hUOGJTY21ObHJTcHpxTjVlN3gyTkV2dkdvcjhGckdnMkFDcWxMa0dETENQaU5Jc0NzVlwvbmRkdUxFN2YxaUZkOFV4dVZyZ3lCVHdlb1ArSDhpQWluVG5QaHUyMndjNjBLTkZXM203YlZJejRzdk5uTE9lUndpTlo0Nm1LZCtINnQzdTZ3aXNmK0pheWlKUlE1aFgzdUJuVitwTGt3QmlXb1hNWjRabW96VFZlck9WOG8yTER6STE1dk05c3hXNWVnQ1JENHExaHdrN0RQZzlXNXFacFA4Y1BzMEdTYTJPZHZLb3RwcW5saXE1T09SVnl3YUdkcnlLQXcyRTYrXC9DeWorZG5NMWY1MUhaRytDMis0R1Q4V3Q2WmF4RVwvSkt3dTQzVERwRExQMW5TVThcL1owYWxYM0s2dEltUjhGYTRkMDViTFhYTE9MUXpPYmdWS2orOFRvcG5qNmVwQ1NcL1JudFdkMlZWU0E4VlVXWkFDWmRcL1o0ODVKNXNrNUpDaVMwMitZVzhJazA5d2l4MytVNloyVmJQazlLUXRYWUVpeHhDeG9rRTQrQ1NzZFNDMmdvR1wvcG11VWlMenNVXC9yTzRZV3c9PSIsIm1hYyI6IjNmOGU3MjVlYmE0ZmI3MWExMDQ4ZDMzODI2OWVhYTEwZjIxNmMwMGNjOTJjOTViY2E1YzYzZGUwZDc5MTlhNTUifQ==', NULL, NULL),
(112, 'Prostiker 500ml', 1, 7000, 10000, 8000, 26, 1, '2018-01-01', 'eyJpdiI6IkpcL3pBV09yZEpMa0RPUFBBaDg5WVd3PT0iLCJ2YWx1ZSI6InVGSmpZT3E2a0QwbFg1VkpQWUhmbjlLUUtKcFdBM0d0SVV4bExwNUd1SXUrc3lBVThFYUNxWmw2VHBiY3lcL1VSWGo2T0F5ek1vSCtUNVBkcm9yQzF5a1FJRHdvZVlHbUVzYnB6RGJmVjNNK25ldzVCOFhwM2ZIVlpcL0d0NjAyMitJM1BaSFNSUm9RSTg4UmFHUWt2akJidHVQMCtzeGozc3JZUDh0eG5xTjZsa2paVUdPZ0sxZ1VEVnIweVllcU0zRkRXSDZXTnoyRWYrSnhmVEJabGprQ3VXbEdPWnIyc2NhVnpBbEl5UnpvS2I2cGp1a0x5dHZCeVVLc1lERVREeDNPNlppSG9GSXAza0ZlS05DdElLOTlvNTNxYVBUWGxTNllHSzZ6TUlYWktxdGJHV1F3T2hQQXV3b2ZlcDhuR3NYUTZxWGxuanBaTHN5ZEk5TFZ3d0lsTlgxM0JMdTl0dGZ4QUM5bUd3QWVHV0NkUTc3Rmc1eG9CdFwvVWtcLzVjcSt4bEVDTkFcL0h5MmN6bG1kQ0JySTVFXC9SWE5OUVUxQTNzZWhpb3ZnMVRSOGw2TTc5NGx1QkFOWkdUK3EyYWlzQ3FOWDZPbFNNVzhPY2tCcnBweVdza3A3N0l1bFQrV3ozcDUwNXpwXC9mTEkrVT0iLCJtYWMiOiJkNmY0MDU4MDAxNjg5MDBlMzY2NDk4ZTFjOTNkMmJhMjNlNTI1OTkzMmM1NDZhYmUxNTgwMzI2N2FiYTU2OGM5In0=', NULL, NULL);
INSERT INTO `barang` (`id`, `nama_barang`, `kategori_id`, `harga_beli`, `harga_jual`, `harga_reseller`, `stok`, `distributor_id`, `tgl_masuk`, `barcode`, `created_at`, `updated_at`) VALUES
(113, 'Antonik 500ml', 1, 53000, 56000, 54000, 2, 1, '2018-01-01', 'eyJpdiI6InVNV0QwMThxYTFqdUYycHZNU2xodmc9PSIsInZhbHVlIjoiM0lSU0VGeEZZd3JmNENuQ3c4WWVQVnJYWWdwdE1rQm1Id1dKMFk2b0JtZnR1NUpSZ3FoMUxIWk5lOW1UZDg3ZVZqcHFpMklXS09Vd2FSclk3QWo2KzVMbWN4Ris5T2JuVkZhWVwvWXRoM3hYdTBkejNxZXRvTklLUlwvYmpIYkV6WU4zWEZwZ2l2eEw3cDcyM0hXTEk5RGcxWTdpSmdxejNwMWRkYWt0eWU2dWZBYll2ZnVFMjh2WUhCTnhsTmg5Rm1iSHYxU3hLV1hNbWxlblZhT0FON1ptbjUwRjYxZ1BCNFdFc0Vla0ordVVIUHNvWU1HNUtqcFAwSUorYk92RldvNmhJTkNIOVRpbXR2TldXMEtCVVpMN3pJMTJYSEgxOWZcL1wvNVl5Z1BlRVVpSHBBaUZBbVhWbWpyQTNTaWlSYkZDQ3B4VVVWRk9obWhVWERTYTNOZHhUWmJFTUtLdWMwa3VZc0hpQ1wvbkw5QjJMNktUaVVxdHFnN3FSRVJYc25vMjQ4VnpmRVZlak5YXC9XQmpqaUpwVStYaEFQaEc5TFhMRm1NSExZb0hna0syU2FSXC9rV0lGbktacGpBQnlPQUowSjl1elJlbzlSTDB0STI5S3hFT1MzQlVSVkdmU2hWV1lmNVBKb1hYaXJrcmpBPSIsIm1hYyI6ImRlN2RkODA0MGY4YjFkMDY5NmFkMDNiNDZjMmFiZmYyNjhlN2NhOGY5N2NlZjMwMGE3ZTAyZGQ3N2ZhODBkNmEifQ==', NULL, NULL),
(114, 'Antonik 250ml', 1, 24000, 27000, 25000, 2, 1, '2018-01-01', 'eyJpdiI6ImVWNjlHbUF6QVlPQ1dJc0QxTk9SUXc9PSIsInZhbHVlIjoiK2ZmbWNGU2pQUkM1T1NcLzFvZXh4M1wvcURmQWtocFV2b1RCeXdNaUVzbWpPaHBvYVwvTFdRbVwvT3dYXC81U1VXdVprRXhtVWRkSk44cWxDUkxRVlpFdGs3ZTF2VmNRd0s2dWJLd1NWY21zQ2tHWHVFckErRksxUFlTa0RSNERmWURzKzhxamhMZWIxeFpMTlwvNmMzOFNheGsrdmRkUFA0cHpVMGlyYm9KcFhuXC9qTWpiZlF2Z2xTZktaU3hIYk5zZnZGTGhndnpmZlZsVEtudGMwYkw5WldJT2xNa1MwN3ZaZVB0bTRYOGtlWXU5dm9ZOHI1eWVvMDdnXC9YVEtxb1kzQnNsbG9LV1RDRENlNDVuelQ4MTlDTXZhb21CVk5UYzF3eGpWZXRtYkVWcUNTNUtpa3JmUzB5ZEhBVEJRWFo2ZjRoUlNGcW16eEI0ejFIdEhhU1ZoWExWZ3hLXC92a2pzZnN0Tm1CeFBvMEptR1F3cXlJWndCU2FyRmpMRHZkT0NCcUZGendMaTEybTIyMFwvMVwvVGk5SHc3SWJrblwveVFkMk9XaFhIaFwvSmNtMjNxd2NEU3ZyQnFPZnZ1Q0hMWm1hRjRNU2lcL3lXWFZKTnJucVhPbGNpSDNPTTJSZmR6WERmMmN1MkV5WEpJWGYybnRnZz0iLCJtYWMiOiI3Mjk5OWRmNWM4M2RmODZiNjc4MzRhMmQyM2UwYmZmODZkMWZhZTJiNDRhOTY1MzYxNDlhY2I4MDY0ZmMzMzkzIn0=', NULL, NULL),
(115, 'Tebbas 500ml', 1, 68000, 72000, 70000, 4, 3, '2018-01-02', 'eyJpdiI6IjlhRXNrdkhuVG9Pa3dSd0dJUk1jQkE9PSIsInZhbHVlIjoieFRQamlVdjB0YkhNdXR2c200NkRLYnJOSm1uYU1LbEdCQ1wvUmliVmVINjZRTWp5S2ZtZmFkNG5qYzVuaVE1VWVaK3dkRXdEd3N6dlJXa1dcL21HWWcyWUFcL2hcLzZaTFdUdmhmenRQZ0JtUklHNGpcL1JxNVJmNFhNdlBaZG12enBIamxqc0kwWFZiVG5xYjNpZW9kT2VzNWJreTZzd2dBaXl6UlFwcVNpT3N5ZmdubkNmaFExQngzNlRhQ2hpOFdXT00xSlFHV3doUlRvRWZjSmlnXC9VeGsrWTVCT2RiXC95SWgwUnBONktvaTN6RFJrY0owQjZCT0Y1TkdXeGJsbVNxWHp1UWVwTmRla1QyemcrRVBSTkNaUHphOVAycSs5V1krVWRORG5vejVNNE5yNlJMSlQyZm5sMGJNc3ljNWR2YjVSSm5cL2VLVE9kamZSaHMxVWYxK3MyZTNCbHoyQU1DUmxvZ3psY1BYWTV0MmN2V3I3WGxOZU9UWEdvYTI0RU5MVVwvV3ZkZ3FMcVwvOXpCM09aUnFpbUlUVVFQU3NkVlRHK0dkVWVKeXJqVmZoR0orZlF2VU9GMVJPbDJoQ3phK2xzdnZGVnQxdDNoQ3VyR1Q3Z2ExQ0E4WXh3PT0iLCJtYWMiOiJjOWVjMTQ0NWNmZTYyMjQ5YTg0NzExMGM0MzlmOGY5ZjU5YjgzZWEwMWE1YzY3MjQwMmZkMWJjNzU1NzQwMWUxIn0=', NULL, NULL),
(116, 'Regent tabur 1kg', 2, 24000, 27000, 25000, 10, 1, '2018-01-01', 'eyJpdiI6IlpvdXFmNTZBVlpaXC9nT0RJd1FaVzdnPT0iLCJ2YWx1ZSI6InJseHpjdWdtNlwvMmlLMVZGZmhnZGJsWG01WTNZXC9mRFRaRk1HRGR5eXVEaStzc29VWnVpSXI1XC9ieHBcL2hIZlwvSVZPMTFoT05yM1ZqWnBtTUJVWFZKZlFjNmZEQURZYldYVWFnbnV0RnlYc3JWcSs0T2dzR3ZNWUxQYjBRc0hVcmJkSG1mQjkwY3FXUWJHQmgwYzUzNmNqXC9GOGJjTWNEM0gwbVBzMGhHd2kxekxlNGtNVFUyb2NqVmVRSXBxUHJhUTVjd253WVhJMnp4Q281Mno2VFVlenhYcTJvWnR0KzNOWXJuVnlLOUVmTFNzUzQ5Z3JtYzJuZDNJMEllcEJ4Ukt1MDA5akRrMWdRTHQ4SVljVVpDbm1ERlRFc2dZQ3lSOElUdkhvNSt5cDdLbTRHaVJRbG1UT3JVR25SUWJydk1ZXC8yT3JSUzNlRHFPb1hwV0piNVZtU0w4dGVkRHlMdGJMUExYVThjSWEzSkltcTBuUk80XC85c0hrTzJRVmVHZ3A4U0tpZGRTcEJYbmdIcVpyaHhyUDRjUHE0M0s4NnplRDRmNFU0emJCNEN6MVBcLzlqcTJjRnZwQTJkNFIyeExTUjlyU1d2emhnNE8wMEEzeW51eXh6bmQ0QitSNHUra3k2MHlHOFRpSkdtYiswPSIsIm1hYyI6IjVhODMwYTM2MDQzNmY1ZDFiZDA5YWFkMjRjYzQ3YjFjZGU4NzZkMjA1NTNiZjM4N2QwOGU1NzNhMWY1Mzc5MWUifQ==', NULL, NULL),
(117, 'Sagricore  80ml', 1, 40000, 45000, 42000, 11, 2, '2018-01-04', 'eyJpdiI6IndFaVZmSnoyV0NvYzQycUVndjF0N1E9PSIsInZhbHVlIjoiRFNQZ2RlVkYya1lHaEV3TzZVeTJicmxzNkFzMlwvQlFaNVQrM0FHVDdLWG83WlpmVDh5NjM3ME9sQWlrN1pOYmoreTh2YkJzdTJTWXUrOTBaang1V0txaVZBTGZhcjdDeDh0N0tIcGd5c3BsdnltdERTOVB0Mm45UG5mbXg1RGNcL3JqY0NqZ2J2NWo1cnZKTE1xcnc4NkVubCt6V0ZrSGd0ZTZQaThsSkRxOVZ2SU1lUzNYRWhhbjB0OEhuNXlvQU5WOEo2ZHFKb0VLMWRROWdQR3B6TmF4bzRlaXVnTXJlXC9BWFcyRGYwZDJGR0N1bFNBUEtJbitpQUZJenpST202TDZSSzVXWlwvSlJpdnU5SHEySWw1dlZhT0tTWStvNDBVY0Y1dlhKaXVEdUgzY2F3VjlVN3FTUFhwRGZ5VWhCdlB3RkJJelpcL2lva0lCazdYUzk2VjdtWnFUVHBid3BIczFITnVKNEhKUHIyelprZVhNd2hxcGtzUTk5UXJ0dFVTUW9jNTFFTnd4UkxKVENkbmVKejh1S1Y2T1JKQXcxYllDRVo3QjNLWUtMUjExMkFyTDR3cDZsNHZrY0NpdEp3TEdSNkVGY0FleUFhRysrYWg5Q2NjXC84amw0Z0JuSVNCUURFSWFkXC9UVld6VGFJPSIsIm1hYyI6IjU5YTU0NmFlODExYWJiYzAzZThlZDkyNzc1MmQxYzI0ZmMyYjZlOGU3ODM4NzExYTJiMDMzODliZDNmNzc4YTYifQ==', NULL, NULL),
(118, 'BISI 18 1kg', 2, 72000, 76000, 74000, 72, 3, '2018-01-15', 'eyJpdiI6IkVZS2d2VjdaK2hmajQzMlExaW5kMmc9PSIsInZhbHVlIjoiWVlrUjZqMjY4S3R4U3V4dnJ3cEplMUZZOVRkblFcL2pwbmJlWHlBZkdVQllXbnNiTjFLSW94c0pvdjdVc0xXT0tkcTNheHNhR1A1d0xUb1RRcG9QbjRxZjluMG44Wml4Zkc4TzNsTElHWTkzZmRTTVlRZFRWbVlkQ1Y3dlpPR0VZXC9QN1ZaMmNta29SbmdHdFNYSFFNK1VUSDRGclVVQ0FzdG9PamNqSXhsOFdyT0U3d0pVQW5WdlBCcEJ6S05xUkorN0tleUpNWUlwRDRUc1o3S3YzeHBHdzZRSHJMZUNvc3ZCaGNWNzFFZ01wYm9ZeHlpczlYeGd2V0JZWWluazBlb1Q4RG1aSTdmWk92T3p2ZnVQZmZYa0s5aWdLa1wvckxWWXllbThjWjU2bTlsWTNrUEpjb29KNFRwZ2t4Y3R3alB4RGJUNTlEWUxSa0NIVDJNWko2OHM3SXhud0xobVF4b2tWd1B6dm5vK2xvXC9xbXZBRDJEM2J2UU8wanU4cjgwRkYybTR4U2Z6OGQxT1FVNjQ0ZmJWV2JmTDVTY1l1VE5IYlhRWkRiV0lsN1pyMWl3R1E5alJZNDY2OWQyZUdlMWY1azU3ck5oYUZtNEE2VTRaWVkwMjZnPT0iLCJtYWMiOiIwNzE1MzFiNzhhY2VlMzMyYjljNjEzYjdmNzhmZTlkNGFhNmQyZDdhMzdhMzExNzRlYmViZDg4MTg5MjZkOWE4In0=', NULL, NULL),
(119, 'NK 6172 1kg', 2, 75000, 79000, 76500, 42, 2, '2018-01-04', 'eyJpdiI6IkdJTjJwT2diMkw3U09cL1BMaE5WbTlBPT0iLCJ2YWx1ZSI6InBqdHVpdHBlRGZyeERkTjRHVGNOQ2tIR1BpWVVMRUgwTEVWWHY1YSthbW1WTjdQQnNcLzZ3cUNneVJtUXV3OEt0NlkxOXNuWStqblpmV0ZnVlh0OFV2NUF6MlBCTzlSRnN2aTJ2NU1sWXFMejJvZk0ySGJVZzBiNVRMdTMxR1pNZ0QwQU9WNVJhVWVpY3VzTnVzNDNaeEhSOU9nejN6dk8zeVlaaklEbjR4cmYrckc4UnhDSHBiOEJHaE1CWkNYVkJHdmpXcmgrcFlJbzBRSlRCUTFMd1lHNjU0K2tBa1pSaVFyK1JNaDh4RUFwTzQ3UXdqaXhhUUV0SHNKQVVRcmx5aVM5QVp4MmQ1ZjNPUWNvZitwb0pCMndRbGdCU0s4ZGpiTVlldHNBQ3dlTU5wQ0lNYzg4c0NGb1dqb1JqU2Y1b3R4V3Y5UUNWTlBubHRJYzJ0aG5cL2NXa3YxUWRjV05qZ05pUlpFTGVCcHBVTDFlbmYzcHl3TXJnWWR6Q1RUOEYrVGNycDVcL3BjdUI3anhpMUd2dnZ6bnZKNXUzSTNneWVnWTlxbEZ2XC8zekluVUFTTDh2a0pRYWlvRkVoeUZ0UVZ3K3hpalJvXC9ESFQrWHpGcHFnN3EzWnc9PSIsIm1hYyI6ImZjMTU2ZmU0YTRjYzk0Yjc2YzNhYWNkMGE1YjU5OGVhOWNhYjIzNzZiMThhYWU4ZDNmOWJlNzZmOWU3MzUwNTYifQ==', NULL, NULL),
(120, 'NK 212 1kg', 2, 58500, 65000, 61000, 20, 2, '2018-01-04', 'eyJpdiI6IkxqWDdGYTlcL29RWTBaUW9GODZ5YzlRPT0iLCJ2YWx1ZSI6IkR3N3hSazhqRURia3h1aE9XeXhEYTRVQkg4dFdxTXZqSGhoNDJBb0tNdk5QMElTRlVJWFc0UVk0Z3RaOFVZOXpxN1BuWjJxd2JuNDdcL3NLd1lkVHNMS1dWTE9YS0Rjb0FLanA4T3RGdmVDc0FndSt0eFFWODhQT0pjNEpjNWw0MTRjY1ozdkdjWXJzMjhvTFZKR1IzVWdRb2h0a21rNVwvVEVKZjBJZGNqc1ZrSHdJd3Z5aU51Uit0T1pSZmluTFd6bWtJcVhqSUFST1lKOEdhNnZkQytlWGljdnpCazZnYnlBVGhcL0l3Q00xQmM5U01Kd0tiQUJDK3RHcGJubUxTVGNIek1FSTZOYWMrNVNcL21rUW94RmdcL2FuNzN6RkFKem9MV3FtUVRsd0Q5XC91VnpMbUZkWXFzdzlHMDJ1aTVCS0JoVEtQT3dIQWlXazVxNGFCYnBRVTRjK3dpRTF0UDRScnlsSmFtSWRLRWQzdElQU3NXYWJndk1CeEk5ayt2Z3NpVlBhbXNmUmFCeTd6UUtwMEF3bU1RVWpTMXZQY0dEanY2Nm9JSkhhY1h6WVVSOHdcL1ZIOFl4SVdRXC8yYlZIZGJNYmJPbmJBNGZDVlBwZ3o1TkNNeThOS0E9PSIsIm1hYyI6IjVhNTBmODE2ZDZhMGRkMWZmN2I0YWU3M2U0MmNhZDVjMjdiN2JmZjVlMTJjMzQyY2NiZjc5Nzc4YjFmZjhkNzMifQ==', NULL, NULL),
(121, 'Decis 250ml', 1, 58000, 60000, 59000, 5, 1, '2018-01-08', 'eyJpdiI6Ilwvc3N6TW9WeEFZd3pzeVVFSXh0eE1BPT0iLCJ2YWx1ZSI6IndqUE1rd3IxWng0WGg1QTNCMmpZWjNlbXV3aDhJZXplRXRvQXZxMlIwZ053c0xRdmExTTdxQzd6N3AySDY1U0FmZ2tZekMxNVNtVVpsUlwvVjhBQWx3T1ZxVGtlN1RWUGZqalJMaTlEOE5mOUwyXC96ZWE5ZWNMTlJhaUV1amJIUUs4eldqVTZhUXc2WElaejBoUkZFRWUrTVZDM1JTVUdLaTR3cmxWSFFOK2lLek1Qb1JLckJtQ0xSejJJTFwvV2toZzZub3lLeUkwSHY3YkV1OFozVkZZYlwveGFSb3Zma3dQdXFIYVdhblpoSEQwRVFBOXI3RnRzMXdiUlNpaVF0VUlxbUJGNnd0NkRPbTZKSmg1SDVJbXg4Q0NzQ2E0alNubFFqOWdjSGpGYmxJZ3dpNEdheThaNk1VTW5RcE9ZS1lwM1l6TVJZZktyMm1ZUUU3bDFMR04xVlp6d2VGaUwzclZvRlBJOVlNZWdkY0dRVURnUjd2ckhXV3NjQ3hwa1lnQTV4emVJOG8zTTlBa0NtQVwvejRPdXI3dWRtOWF6dXVWQVhEV3FDXC9KVW9XK2EyOXZYaUZyUTRkeWtFeVFRenV1bkVvRkdcL2hLV3dvOE04cVhJelcxK3Rhdz09IiwibWFjIjoiODAzYjEwYzAxOTlkMzdlMWE3MDhhMDhmNDYzNTNiODFmNGRhZmU4NTllMGJkMmY4YzBhYmY2ZWVmMjQ4MDdjMyJ9', NULL, NULL),
(122, 'Decise 100ml', 1, 24000, 27000, 25000, 6, 1, '2018-01-08', 'eyJpdiI6IlwvK2ZHSitRRUlNSUlKVm9EdG1ITDVnPT0iLCJ2YWx1ZSI6Im5uV1NsdytURkZRXC9nZWh0NWk5WnZMQzBJRTNQeWhkMTNSU0NJR3VFcWhCOW9rU01xYlV2OFF4WjZaWGliK2x0SDBPd3p1VlRxVmlsR2NlTkRCZHEyQlVRMnF3QXBya0RmRjlMczFQcUpTY3lVbUJ4TXg5VzNPTkRWbU1LeUNFTGFERHA3VTllb3U5WFg3aFZnSXdHdmwwZGtDaUhUWFRuUnRnSHFyS0RPbUppeWE2MHZaK0hMU01CRmNSeHN6bjdVaVZTZnBwOGlCdGQ0ZldTdDE1b2dXYjlKbEVZMWJMT0FvenpVMzJHbU5zNUlXaCtpaUE3bm80aE1GXC9QZXB6d0xOOHR3WW80OTNVTFhBckxnVWlScTJURVVtRmE2VThRVEhVNVBiRTB5empuWGJ4bFAxZkNcL3ZOXC96MFliYmt3ZGFkZlBYSG9DbDIyMVlaRGIxQTN4eUREUE5McmtBVWI0WmlcLytLYkNtbVFyNHZOazhCS2Jydnhlc2JJTENIWVk5S3pyM2trekxFeUNaNnlOMFFCdG5nY1VUb05VSDVtazQ0VGJwbFwvRTlsWnppZThnTElISG9qc3EraEhTZUZqd1JFcmJKK3l4bHZMaTY1VVBXZE9NNU13PT0iLCJtYWMiOiJhNjQzMTNmOTIzYzZlMzIwMjYwNWI0NzU4OTk1NjczNTBhNmUyM2ViZDhkODQ0MDM4MjY0ZDc2NjVkMTBjNDU5In0=', NULL, NULL),
(123, 'Decise 50ml', 1, 14000, 17000, 15000, 4, 1, '2018-01-08', 'eyJpdiI6IkhyekVoQUkrdWF1R2dha21IV2NUOHc9PSIsInZhbHVlIjoicjBZcmVFNlh0ZkNrNmVSTUJNZkdoYVpZem5cL044NnU4UUNPWDYrSGhqQ1hPU3k0SEc0dGtGK1dSTmhJNUFBVGtqRFlnTUw5UDFWMjFTT2YwWkdPRmtuQkk2M3pVeVwvdWlCWmpiS09OOEgyTGZuR3JIQ0p3RDlRXC96eVZ2Q1FzcUZ6bGlYQ0xBU2JYYmZoZUs1UmRhZkFiSXEyemtKM3RhbU5XXC9vcHNON3lnM0tYOWtQd0dJY2M4bUJicVBcLzk5V2V6ZTZJRDA3NjA0ZHFCZEhWTXpwV3pjcU1lU2d5T2hsM1habG9VTDVOaW5JMzhTTnBMbjBsTFpSXC9VNW5wdmRvOXhtYUlpM1czQ09TSHNlcEg3V0RsRkQ5Sk5YZGgzdFNNV2ZkR1ZKS1psQmZDbElYTDdRUlRJXC9Oam5BUlhCYlwvam1OYVd3YVFCK1U3NUk0QTIwWmY3MnFrZlwvS01zMjQrVlhCMTdqNW9tNFlldVwvT2IrVzJoTCtkQ2xUcWU0Sk9MYnJDR3htYjJuT2ZnamVxK3dhRkFldDlIMnAyUVg2MEtOS2hZbE53aWczanltK3cra3hOYWVwU0FTb3N1T21YVExYcW4wV1FyVDJkRzVvTnY2UFBVT2FnPT0iLCJtYWMiOiI0Yzk0YWIzYjc4YmIyNWY1ZThkNTYzYTNjNzM1MTVkZjI2ZWQxOTJlNTkzMGJjZGE0MTgwZWIwYTBkZjQzYzc5In0=', NULL, NULL),
(124, 'Dharmabas 500ml', 1, 33000, 37000, 34000, 18, 1, '2018-01-08', 'eyJpdiI6IlYzNFwvSmI5aUY1S0QxRnUxMW5BWlFRPT0iLCJ2YWx1ZSI6IjMrcUZ1MWtGQ0lpSVVVR3QwXC9EOEZIbzVWXC95NHMwSjJ5Qm12amFPVUR4cTBPMUZcL2IzaHVrUVMrWndyb2JBOHVuRkc1bUc2cDlGN215VnN1NU5zYU5oUnFkTjRNUlwveEtrSmlEZXRtd09aZlV5YktHOWdlMFdGTnRrUVprcWJ6SzZpYlhMQlVPR1g1SSt1V0txY01mYWFyUUpsRTJMTWw4ZGtubTlGUEpVcnp0VElXMWw5UHdsQ1ZPaklUZ3hycXFjKzFNbW92T01ZT2JJVGxKcURmUlZvQmprcWVXVFljeXFmaURQZ2ZnUWVFd2w1T3B2UHlOV3RVSGUxSWFPbnpsYmZUUE4rdGZqWkpEa0ZTVEJNbU9wYjRxeHVlM1FCUk13NERZK0F4dDE1eE5uZUlDejJEaCt3MlFMVjRXajRsM1VTVmszNzFqSlZod1VuXC9ZS0FBTlcyY3BUWDRaWTF6ZFBsU3ZEZTdjVFlsdndsaVkwY0xrelBJak5kYlwvTUpBVUVIbmt1bjdDVzZWd2xxTkR3UGdcL1ZIME5zOGJma3lTUjR5eGZ2NW1aM0dFYVdvTndpd09pUElmRjg3ZkFXaVk0aHlcL0NqNFg1b0dTRHlXQlFlbUNBaWsrbkZcL3F0Uk51ZExZK1NYMmQrSWQ0PSIsIm1hYyI6IjllMzRjMmY1NWVmMjFkMDI4ZjU4M2UyZGM4MWI2Nzc3YjEwYTVmNjgzN2QyMGEyZjc2N2ZkZjUzNmIyOWUwYTEifQ==', NULL, NULL),
(125, 'Dharmabas 100ml', 1, 12000, 15000, 13500, 6, 1, '2018-01-08', 'eyJpdiI6IkF0ZjRPdTlHenN3ck1tSUZzNHhWb1E9PSIsInZhbHVlIjoiK1F6SXBNODUyVUo0bHFFM3BKdVlcL09yeHgzeVhiM3VCOTBhRVB4RzI0MHB4TnJkVWd4M04zSzYxWTVjZXd3VGZFQlFNS2ZxM21rREN0b0J6cnN4dmtHOVJ3KzNnajcxYktYbnI5RG4xK3I3M1hnbTNPelJmNU1TYm4zSVhHSWJMMmpDSGJKT2dZN2dBU085OWIrUHNRc05hblFRMmRwOXJLdnpwZVhzU1VOV09PdHVYQ2JGeGY0SGNHMjRRUWxiT25qUnVIUGdsYVhWQTVvUFU1TG9ZelNJSzlrWngxelliZE1ncjhZUzJMMGRVMzNcLzZTR1pya2FxK1FaZWtWOTN1SG13NlI2SW1CWjlRVkxnUkNtZzJ3VW5YdTQzamN0bFFvSU0yV0V3TzN3OUVtd1Z0cW00T1FaQ2liWGxEemRIS3g1eW5TdDQ5Mk5UckxqVnJKdHUrZlRnREEzcngwMHg0RkJya1hUSUQzVmNmaTc2bzcxQjBZSE1DVm1HU2tnV0JhaVV1c2dPUXdzemJubURYRDNTN1FCYlRUd1NQZ0VhVzBZaEdKZmE5d2Q3bXVsOGx3OGJTVHZieFpUblJJVlhEUUhBZ1JORFdVbkZSUDdRN0dacHBtQXRSbElMdllzMmtyK0ZFXC9PRlN5UFE9IiwibWFjIjoiNWY0M2RkYWY0ZDIyMTI2YzAyODE2NzEzZDhmZDQ5MDI1MTI1MGI3MDcwN2E5ZTAxZTQ4MmUyYTlmOTdhYzgzOSJ9', NULL, NULL),
(127, 'Dharmasan 500ml', 1, 78000, 81000, 79000, 3, 3, '2018-01-02', 'eyJpdiI6IlBRcldNc3p4N1lJNXVscXdoZ2c5NXc9PSIsInZhbHVlIjoiaVZlZ3ZpMSt4aFU2dmFRVGg3bFlTNkFnTUVLc0JIV1pFVzZqUWZoM2pudWlVZnBHZGlGSzhXT1hFZjBrMXVVbG1IM3VJYUgyNkN0Tzg3Qm9acEpvM2hHZXlDanpiXC9YVVwvVkZxZXlsZlRkVDAxR0oxemZ4WDJcL0QwWVNTdUFwTmZcL295Mm1KUFdOVGtMeE5XUGVSTzdFdG94NUN0V01zVFpLaWtJUFd1YWhSRVFaYnRibFdMT2Nsd1BtZkNTSEdPeTE3V1l3VWJUTVlMRDllaVNCYXJjbGlKWXozM1VFdHlnU3FGMVFuRVMxV0YrYnRSanhnMVVYWGRpaWxZbkpsNTBBdmhLbzNUaDU0RjVEQVd6YmVKdTVuUWF6bExyTU1qNFdpOTN3ZktMSDQ0Q3l5bjByZ1piME9oRkdJXC9lQjYrYTJOVEhPS0Q2RkxZdUdCZXZvN011eGNhaitJUEFUWkZXQW9RRHFHNHR2a1wvT2VTUUVYbCtMT016Z2dcL3MxK1pkVStselRPSXVyT2lvMDNaZXd4TytKNzk5dFhyY082em1xZVQ4NWN0QjNHa3Zmc2Z0Qmlia2M3VGtJMkxMb3FubkdZQzNqdEVSTXZFVlpPa0ZmOTdOVjBRPT0iLCJtYWMiOiJhYmVmOWZiZmQ2MDBhOTg2NWE4YWE4MmFkMjc4MjllN2RlNWFjM2Y3MTc1MjQ2MTlkMjM5NmY5YzhiYWMxYjQ5In0=', NULL, NULL),
(129, 'ELANG 20L', 1, 900000, 1000000, 950000, 1, 2, '2018-01-01', 'eyJpdiI6Ijg0OXNtZGNjMDdUd3lFTk1wWXB5Y1E9PSIsInZhbHVlIjoiZTBKelkybnMxWlU4SHB6Z1ZLWTd1M0JkcDc2SGQ1WHJcL0FmNGRCWStPVkRoS3VFNUhwYzM2ajl6VDJpNm5CSXlHdERRbkFGV0Uyd0FaUzA1eDFleENkU1Fjcldud3drYkVLT2ppZG5nbUZqa2xxWHlQM3o2c1laRUhjREw2VDludzZ6c0tqN3FJSWk5VWVSRGM3a25TaFBzZ2d4YkVMYitsVE1kcVJ4UzZhNzBZVU9SRHFySUJUQWlNb3l1MW9zMzJMdXA4RUZHNEtTVWx4RUxGcjF5NzFWQnNOZW9rZnJpdEdMbldOSDlyN00xZkNWa2V3eU1ENVpTbHNIVGZic0N0ZnBtZXJyTmpWcEM0eCtrQTNON0N6clVPNnVjUWJ0ekRTODg5cDV2MjlzeXViamVWZHZiS2tTRUNXQVVsM1VzQVlTa0hrQ1k2d0t6OExwV2dPR1BUSnM5U200aWErb3puWDNhUWh0NTI3N205ejJrTmdHOXRoK0Nwb2daUmh5XC9DTTdoU3VHbDN3blhobjlTc3BjNkpCVm92QzQ1M2E5d1VcL1dudDJnWmJUXC9OQktIOStUZWJoOWJkTnNRN3k4S3ZUK2pXRDJhUHlkd0VZTXlNSEI1d2ZnPT0iLCJtYWMiOiI2YTRmNGYyODkzYjFjNWI5MTNiZTIwOGEzYTM1YzA0NDAxYzVhMjNhNTdjNjY3MjgwNDU5OTY2NTY4YTkwYjlhIn0=', NULL, NULL),
(130, 'Topzone 20L', 1, 900000, 1000000, 950000, 1, 2, '2018-01-04', 'eyJpdiI6Ik9kWFhiZGVhSms2ZkcyOW82Qnd6Z1E9PSIsInZhbHVlIjoiMFZ0ZUxvZVZhcjAybjVCMWNBRXdsZmdzNEhWUlRrSVduV0dkZlZJaUZ4UzlyRTNiVDZ1QldwNG5jdkFRN0dyR1dHXC9lTUlDT0R1b2kydHdKeHJRNFZtR1pGeEQ3Y25YdDVRNTlibVZ5c2tKOHFvWDB1N1dxYlJpMjBTYUF3WmtLdm9wV1lEZEVtdTJrbktNWVR5dlVlTUxiclZzaTAyRVVOMFBBNXdCRWdNRWhyOFRWY2lQS0hmTVNJOXk4bERtZVwvSFRGQ0paZnM1RzNuWEpkQVFaU3FWb3VQNTZYbUFUSzVkN2p3MTJvREZXdm9VdXprZGZhZ3pCcEVyZjNMOXNkSEJOTjdVeXQ1NGF5TzBqXC9xMFBMN0J6NE9nM0N4Qk1LRWJHbHhcL1wvNjNQRkgxTWZLMUVROEhONmszVU1pZFBZODd1eURvcGhiRFB4M3VWclwvNm42ckFmNko0ZTVqVzV6THFsRDBHV3pNTlZISjZnWHFQSVFGQytGcCtBXC9DYnBUNFNvNHhzZ1ZZZytrZVIyNXpcL3FOOTJ1SGxiTjRmQW83MWt5TG9vdFE5VnhcL1wvSEJIYjdrT2MzM1JSV29JTU5vT21KNDY4OVVIbTg1bkZPRFBxNUk5UXRrMjFcL2lhbkZwdHJ2Q1RBcnIzZGFwcz0iLCJtYWMiOiI4ZDVkYmQyZDdhMjRhZDViNDk2MmEwOGUyZjkzMTJhNjc2MTI4OGQyMzgwNTVlYTczNWM3MWE4NjU2MGE4ZDMzIn0=', NULL, NULL),
(131, 'Betamix 100ml', 1, 30000, 40000, 35000, 21, 2, '2018-01-04', 'eyJpdiI6IkJRamZlR2pYZW1Uc1NcL0hlUzNHb1d3PT0iLCJ2YWx1ZSI6IjhZY05BdkhCeCtGUzRscndObWh6RkR4U1dlRktuNTVGM3FSa21KVk55QnNJXC9zMjZybVdXR0JhZ2tiZVNrNHhHNFVTWW40ZGFSNkV1TWpjcnVSMEZNYlwveWNrU1lDY3VzR2RPWCt3RWJvM3hxeVI1eEg4RXVUVUVpbHBCaFZTMmw2Mzl3QUFqaGJDbk5mMzhlYXFlYkQ2NVk1eWJyTWFJVWgweW9zU0J1QkxlUEhRM253QmZIcTY0RzJwR1B5XC9TVnhyaTluTFQ5bmMwU1VwdlZsbjBCdUpGMkZMNkNjeTZNRUNMMXJkU3loejMxbm9BWjZqbTZyOStxd3BINnFmdU81bVlKTFRIMktXWDc2Tk5pdnV4bFBHN3IzSTNFXC9BYTNxVHdmYVltbVJJVnJVZ2F5VXBUY2hzckUrRVBBN0NhMkdvTDcxU2kwU2lNSnltcmpiaDNyM3lhRHRPNkV6bFo2T1VEWlwvMGVGNk5cL25zcFwvODlOdU5xQ1JRYUYyNU1FbGE3VWh5MGQ5YjV2R2pRSkI5WEVxWkREQVVJbDNIV2JLanhEZ3I3K1wvMEgza09BQ05UQU9wOTdsbVAza3V2WE1ET2xtUU95UENYM1RCcnBkV1BtVnp4WVNKTmN1K3F2eGlVRWlTd2wwcnFmNkk9IiwibWFjIjoiNDZhNTA4YjVjNDE4ZGNhYTg2OTQwMWFmMmRlMjhjNWQ2YWM0ZDZlNzQ3ZWM4NzhkOTc2MGFiYzA0NTc5OTY1OCJ9', NULL, NULL),
(132, 'Antracol 500gr', 2, 61000, 65000, 63000, 7, 2, '2018-01-04', 'eyJpdiI6Inl0eHdnZzBrNkprODR1RXJlclYrVnc9PSIsInZhbHVlIjoibE43TzF1aVFPaUNtTTBLVThhdFl4WE9NTWZncTNGTWJcL0kzWGlNdFFneERhd3BnT25mdHlXZmlRdWdwRGl4c0NSbkJ5N0cyVzlMQmVNT0t2eVZSS0NuWFwvMmFhMU9GVzlQUjVJUGVYbG5XYTh3QlFSTVluY0NcL2hQcEZMb0RscFR1Zk5aWGFkSUJIMlhZZ094azEwcllGSHR2aVp3R0ZPcmFNNXNIOTVtZHJPbjk4bktEdTFqRFdXWTNyc3hVTDJ5SkJyNDhqWFJrNEw1UUlubVJ5TlAwRTJtUnYxV2FsdzRXZHR4anZXSzFIblp2S1RicWxuK2g2S2hNdGpoNlA5UDIwVjhxQVpUelRjRms4RkRJWCtxMEp6MU03czdFSnRsVTlHOGw1RmpRMitnUlR1UlZLRnhwbVhTSG5wOUdLXC82eEJZRlV6UkRZR3JUb04wcUxyeGxPbXBMN0JBRmVKZk04N0NIeVlFa3V4cUNSZ29xbVMzMmExamx5KzBQSG1NdkQ0TWJ1eUFLQis4czh6YmVcL1A5VE5GZGtqclFJbVd1TjRUQXlYanQ3K0dHZkViTnlLdXNhQ0NvNHd6Y05TUHZqemoyanRBZE5DMThvOXFPdW9peE40Z1RveUNOemN0QWlvRUtcLzJlNFJFVk09IiwibWFjIjoiOWE0MWY5MjZlYTY0ZDhhNWI4MWE5YzY0MTNiZjUzMzAwMTMwNDZlMWI3M2NjYWU1NDhjMzc5YzQzNGU1YTQ5MiJ9', NULL, NULL),
(133, 'Antarcol 250gr', 2, 30000, 35000, 32000, 20, 2, '2018-01-04', 'eyJpdiI6IjJzK1pWa1F6a3ROdU01cWRxeUE5YWc9PSIsInZhbHVlIjoiOEw2RzlIVkdOV3V6bVZ3K09LUzRRZkE0Y2NxUGVBMXp2NjRFcU9RNkxkT011MlwvZlhZcVo0VkFHTGJUdERqMUVCSHBwNExyN0VZMmdJOVlTU05BMk1yamkxcjFPc0NKR1N4USt6UWxBbEJUN3ZkS3c0S1lldXR5cXBWOGxUeHg1ZjlsVWlcL3BobmorSkdtZXZ1c0Y5NmpscWdzWTVJakVkRmQ4S1FrTzJ6TWhuS0ZoTno5M1ZYV3B3a0NUY2piamRpSVJMaUlRMFp3Yk1ScmJ2NkZ0em5tbXdzYWVYYnZGdmJ2ZCtQWSsyRXZtK2FlR2FUSzdrcXR1Q2N4ZDhpeGxIUDdcL0ErbjdmTmQwMVNVSzJFaW5ySDIzZTZ5clwvRHBJRFNQV2JGNTZ0M1wvODdDWklsdGZLdEJsblJFY0pjOHp5QUFDQW9XZzFZaDhONGhqUmE4RUlXUVZaaVFMZDJFTnUrbVlXRVpQYm9LUzdOWGs1V09ZQXpkN3pjYWs3NE1iczZ1T3ZEcm0wXC9HTmowUUJBV3grMzFQbldTc294WXN2clFWSEdjOGFUaDdNQ3VsRkQ2dXZMWnp5UDFNcHlHSEczanRIWEtBTnJWU3dIY1lVMEg1SjF0Rzl2Z0FiVXJvMVFhQlh4cDhIRHRVODg9IiwibWFjIjoiOWIzYzI1ZmFjMTM5OGU0Y2ExYzdiODhhNTMwYTQ4Yjg1NzI2ODc5ZDBhODRiOGI1MGY1MmYzZTU4YjkyZmU3MCJ9', NULL, NULL),
(134, 'Spontan 500ml', 1, 42000, 45000, 43500, 3, 3, '2018-01-08', 'eyJpdiI6IkZcL2w2eENyMXZ1VE1iWWdRYmF2Q3dnPT0iLCJ2YWx1ZSI6IjNCQWt5TWozUmlHRW9POTMyRUQ2a284cTJPeTRPZmw5RDFRWnYxME5rcHZuK1c5WUxjbXp2QzlwUE45WTZmOVwvdm5RbkJLMk9yczVVaVBDeFROU29mOEhjTDBNNExlV0NGNjZQZ3htbGJMTmo0ZVBXXC9ZRDRWNTB4aU0rcEFXS1RyN21lcVwvOVcxcWVnKythOW91ZEx0c21cL290NlI5bzFWUEFhKzBKSGV4T3NrYWFTazN6K3JOeGhkSzYzUjBaajlGR21LZEx4aFU2SlBvVWxRRFVHejhRVk14ck4weVpoYWFnYStXSlhCNElaK2p6TlZtUzN6d0dSdWxvTGpnSFwvME51a2VsRkVIVjBEbktTSllSNnBzUExZek5sbU9LN3lua3N1OVlRMVJXZyt4U3kzVERBVG1QU2JWT0hXYjRnRkE3SGgwaTJsemREOXpUSzQ1eTd2MFd5b2k5MEY3WlNuVHlcLzRaVVFiM3JxK2ZsZzZsVEttaWQwV3B2eWdFM1lTXC9jcEg1N3VYbWpIMURkOVdmWkw2VFU5OEt2eVNNdXB0XC8wbUlnU1FocnNvcjVubDM4WjdEN29MOE51WVFPb1NvWnFDdXRWdndWbFJZQk9NT21YS2Ryamc9PSIsIm1hYyI6Ijg4YTg5ZWVjNTgzYjk0Y2NlNTI1MWYyMWI3N2NjZWRkYmVkYWM2Y2MwMzE4YzczZDAwY2Q2MzU5ZDZmODM0YmUifQ==', NULL, NULL),
(135, 'Spontan 250ml', 1, 22500, 25000, 23500, 3, 1, '2018-01-08', 'eyJpdiI6IkFlNHgrUmtqUVZiRndrK2tEeVwvdFdBPT0iLCJ2YWx1ZSI6IkNsdklJbXJSYWN2K1hDN25BelUyT09HcUcyMkk2bW9vTm1GU1pYR2FtbnpuSzhLMGFUdm9wdGc5azZocmJoTDAzUTREVHE1dGZYdEt0WEcrbTdmOXRNbzRvRGFPQU5Sa2xrc09GTlM2NCsycHpMSzl4QytDMVF6R0hNb29yWXVVeWV0RUxNWEZhMmIxR0lIQXZ3cDBjZ1dXT1NseGZVblVwZGZPNzk0QkhpVk1JREsxTXdCXC80ZVwvUHJvT1NhbzBzaFwvUnh4UUhVWmpIV0xRMHh4NFJLVmFaa3hGa0kxZkVJYWdwQzZialk0aGlka3pucG5tVXV4TXhuejdNMjZMVE5sQmZrRHoxYlNBenA2NkNxa1FLRlc3dnJvZHZUWnp6eUZJamVDanJVUkw4WDQrRzBhMXNkRVwvem1CbHJNdDVvaUZxaHVTd214R1NtaytKRW9UTkttUFRrbnd5Q2VMMnQxSG9ETG1wU0VDd0ExamJDZmpWNWdHTmJCV20raW52cFVWOEpKUHE2b3BOUmEwT1BcL3dGUDdoYmxnYXowYWRZNml5aGtacGxlakJCcGdUd2tGSVlNY2grdW43eDBZc2xyS3pQUDBvRVZwWkx6Y1FDKzFZTmZnVk9ROEt3b3MzaWE2UnVwR3pMVjJkT2M9IiwibWFjIjoiYjI5MjI5Njk3OGZhMzA2N2Q3ZDliNTRmMTIyNTFiYzk4MzQ3YmNiMzdmMzBmODM2NDZjYWUxZmFkYjBjNmExMyJ9', NULL, NULL),
(136, 'BASSA 100ml', 1, 10000, 13000, 11500, 10, 1, '2018-01-01', 'eyJpdiI6IjE2UkpKNWlxTlI5VktqS3ExYUpHdlE9PSIsInZhbHVlIjoiUjcwVHU0dVF1UGtjWkJXMHRPOEVUcGFFYkdxUHBHamYyd3BhVkdzeWNWTXh2aG4xMEZOb3pBa1BjaDNmOGExZXdMWWc5TmhnMWxhd2RuSW50NlB3UVdtbjh1NGFzS1pmU2R1U0lldWJkdXBxWnh4UkIyTGNWTGN4WnRnVGRMSExRYkNYN2tXNllpM3k4XC9FMjZsVnpUMkN4MkRkaGdsdkJFTTRhUFJscGpxelhTT3ZrRFpjWTNuNDZReDhOdGlWTGxUMlN0bDdUbDh0a3hJZG5la2Riclc3TFFRQkhLTVd1TzhCOTlrS3lpUlRHS0t0SDJVXC8ySk9TT3FKd2RvWFwvdytBVmxXaUkxYTBkOHFOY3Bkd0Voa1o4TjdwOWs4TWd3Q1o1UCtCVlwvS214TWVrVkh5SWhaMkExNVV3WmFGQzNFKzU0Ym9iUVMyMWZXWnRtbmpvNitZOEh3YWZuMDRIQnQ0N1F4R0tVazJmM1NGUzcwVkJhS0VYdVZkUjBNZlwvNU54dEFzRDJVbmdqVnRjN2NoZFJBM1haVUZnUmNHZnJMOGgwOVhaRUw0SWVDdUVpUDFxeTBpXC9NSlZ1TnlzTVdwSHFaYmxsRUI4RDFEcFJWK0p5T1ptVVE9PSIsIm1hYyI6IjkxNjM3MTIwYjdlM2U0MzdhNzZmYTJhMGNlYzk0ZWE0OTgzMDdjNDVhNjVjZmJkZDllZDFmMTQ1MjVlM2JmZTYifQ==', NULL, NULL),
(137, 'ETHREL 100ml', 1, 35000, 38000, 36000, 5, 1, '2018-01-01', 'eyJpdiI6Inh1S2hYTHJrMzkzQWhSV3ZnYXpcL3BBPT0iLCJ2YWx1ZSI6ImxXTFwvMHFXRFkyZzI3cWRsM2FBaHB1eVBiRnl5cVY2XC9kcDh3OFkzYmJzS2I3ZVRzWkExZXdSWGZBaUhnMlpJWE5aamd3amxZMlJjcUNUd1VhK21xd3VuS1B0aWNZcGs2RVwvK2VPMHBaZHFoS3kzSE9LY1BOZzJwVFZrMVhRNkVMUWlQcHJYaVwvOGtWTnpaRW1BcldmUXVzNkZDbnJGSVhcL1oyWnJuWmRCQWJXeWRPUXlCQVMzcHh5b1dZZGFuQVhaczVrZjZySGNuQ1UyRVlFTHhDaVhsQmVIMlk2VVwvb1hHNWc5bjRoa0orZDB3UUlqbnpxcldLTGlaN0x6S2FcL2phZmtLb1p1VWZROThSZnJwK2pIbG96aUVJV0xrakV4YjRLVXBaXC9hMTN2OGNab1Y3Vkh5QmtZbFNtY05cL3o1c1Z5QVZPT21rK3FLUWdWNGhhN3hRUFQxY0hcL1wvbUhjNjBFMXRSKzRYUHU5WVFDa1ZpNlcxek91OU95eW9mWDdwVUxBXC9wZmJzeGNsd2x3aGRJU0QxcFh3RnZmOEJBRTdQNmMrbTl4VHlOamZ5TzQ3dzN4WTZ5Q283TUx3ZUZ2KzVydlQzMUtLQ25pQ0ZOTkJJQitLUWVVYmZnPT0iLCJtYWMiOiI3MWYxZmU4ZDU4YThlMzM1ZDJjMDUyNjc5ZjMyZjZkNGIyNzI5OWE1NDEwMGM0NDg4MGQzYWMzODc4MTNhYmE0In0=', NULL, NULL),
(138, 'FITOKARB 250gr', 2, 45000, 55000, 47000, 5, 1, '2018-01-01', 'eyJpdiI6Ijhyb2VPUnczZFRSWmt0MzhZa3RJbGc9PSIsInZhbHVlIjoiM1NxbWo4bTQxTVc1clFWTmhaVTB4QjhyZVVJWjNnWVRIK0RsMUNaNU1SVTgxTzc2cXNLWTU3XC9GZm5BXC92dWR3XC90Q052SWNKN3ZMdzFkN05EcDNhYWx1akNvbjhRdWo0QlFmdVRPZG51VG1Sb0JKV3ArSUNZazBreFkwY29Hd2NKWUh0dENsVGFHQVZ2a0lRTTZMdFl2UGx4RUFJdmhKOTVPM3hkV2o5YXFXQWxnRElobVdMVE1OVzgzTUtrR1UzSHhFNTl1dWxVWk1raWVNaHp2QlwvS0xkYTFNajBSZnFZWEY3ZXpmd1BweGpTTlFsVXk5eWpiZTIyblwvQWhcL2NJZ3BTZXI0SXFZSzFSV3JGZk8yVzlzT3JrUElZVGNLd1FRd0p2ZWlRQXZyRVRoOWFWck1Qb0JMa3VPTXJ1cFNsc0xnXC9hcmRNaEFGd0RFdDNYRlJIMU9kdDdlcHloVG1YenJXdGF5VU9BcTlmamJTU1VZNkg4ODRKcDUxR0N5ZUxITmJFUXRVSmtEZGUzMFRvOFwvN2MyR1NVOGV6YXVvanhlWmUxd0NkenlTd21TN3dSMHNcL3ZWeTBscnBJbUlQR2kxMEFOXC9FdFJieFF4ZnhveGhNMVUyTGNXaGh6ZG1YWVg1MXdUb1E1QnoxRERvPSIsIm1hYyI6IjI1OGU5M2Q5OTE3NDg2ZWMzMWU4MmI2MzNmYjA5OWQyMDU1ODYzZTA3Y2I2ODY4NjE0NDk4NTgyMTc0Y2IyY2YifQ==', NULL, NULL),
(139, 'PROTHEN 100gr', 2, 25000, 30000, 27000, 4, 2, '2018-01-04', 'eyJpdiI6ImFoWmtrNExWbVJBN2hQSnlyQWlxa0E9PSIsInZhbHVlIjoidVlKdzEzZmY0UHZQTE42OFZQMDBvM3NQSFVNSzVuaGhVUWNuSmYrS010RzFzQWgzaWxmNTcwUzhodEszdzZkM2xGbkVEMzFnZEdZMTZvNys5Q0NxczZjV1hTcWErd1gwTlwvTGphRzhrVnpUYVlhdmRUWjJTZCsyMzNxc3ZFejFySXdnSGdMMWNxdDNpZ1o4NVhycmtEUlQrV2dHVDFMRkFYUlVQNU9lQ0EzbDlOT2J4VEZLMUxRMGg4cmFIWnpnZHpZaWRvK2lxUjVtbmFcL09vdTVkbjVCclhwNWhoeWVNcXpsVlZ6cm5icGlSNXhQbUJQdThsVGRcLysyczNrdzlTNDFNXC9GM3dFQnRySmN6cGE0OG5iTGJsMlY5MzF4d3d3Ums2YmR0eVNZKzIrbHgwWndZMzZpSml1SnVMa3dQSXdoSE1VaDlXMHkwT3hMU3h3ZmhOMDNHU1hhOXlhSndpNHBFVVZ6NXA1M0drTEFRV2FHa05ZVUROT1pEcTBQaER3RlVFTHY5ckh4MFhKSWJJU1NmZjhmc0dFb2dhTnVDYjdMZkRlalpJVUQwUEpLRUlTNGRNVURJVEl4b2xwSkwxR0xKbGhcL2ZTT3BzR3luM3AwbERyU3NVbUwzWFdFYUZwWWY4Z1JsQzg2bDNQVT0iLCJtYWMiOiJiOWU4MWRjNTkwZmYzZTQxMmU3NWY5ZTY0ZTYwZjUyZDVmNjc1MjUzYjcwMjMzMDk2ZWI1NWY4YjUwN2UyYmMyIn0=', NULL, NULL),
(140, 'BIOTEK 1L', 1, 12000, 18000, 15000, 4, 1, '2018-01-01', 'eyJpdiI6InppRnB1ZFR6ZWpUYjFlb1ZPd0lqdEE9PSIsInZhbHVlIjoiQVdJTG13aFIyYjBRV0VWYkNzelZqRGcrcWlybm9neEMyamxkd2hQMlpXVW5GZEpESVdNZHZhOW4yMXc5Vk9pbWZ1QStpM0k2dHVsejZEWHBSdUZ5YTF3ekxNcnc5V0xcLzZPclBWUDJuNmMwY3pwcXE3Uk9vYlo1RU5DNUw2bGVGV09JWnJrcVdLTmkxOVRabDZLZVwvcVdPbVJHRDN2aDRXeG5mTnc4czdudEZUV3k0YnJ2SWVUcFBOWWNaYWFoVlUxbjdzV0xEeHpMclhtejJ6UjNcL3Y5WWFSUnR5RTFwNWtYamU5UWFGXC9tUzF5ajZPSnZCK3FCV2EzVjZcL1c0blh4SGxMcDZ3eGcyUjBDSUs2ZjZDQjQzWkNoZm1oSzlCRnd4UHdtZ0lcL1N0ajh4V1h6VG1odFNXR24xR3pcL2pCMU9Gb2JuczlKcmhjRUl4ZldBSmU3R0dVVEZpNXFEXC8rT2hHdjRVeFNuTEVxSWwzVjQwbUtPK1VIS2RwbEpwV0taS3doXC9SbUdoQSt4ZlFnM3JHeWhnY2dhWlwvRVdoVGdMZDkzczRaZEpcL2o4UTc0eVwvMjFnYzh5YUJKZ2s2dE1VQzk0UHgzNmhacm1jZ3dDYzFvRllXZmxQUGc9PSIsIm1hYyI6ImFiZjBhM2RjYjhhM2EwYWFmMzVmNTc0ZDgyMWI1YjUzMDk5ZGYyYTk3OWU2ODJlNThlMzJjMGJkMWVkMjZjYWQifQ==', NULL, NULL),
(141, 'ZNSO4 500ml', 1, 20000, 25000, 27000, 39, 2, '2018-01-01', 'eyJpdiI6IkRtN2NlckRZUnFSK3dzbUE3MVhHcEE9PSIsInZhbHVlIjoiOVJPeDNFamR6dmFWXC9SODFcL1hXSGFVVFhhRVQyRVwvYXdcL0IwazNLMVlUV2pKNTA5Y3pSNmIwd1wvT2tkMnJqMDFDN1RHRUtJajNwN1JRRXE4YWpRdU51VnUxOEhyQnlPdU9vaVNkK1p5b3c5UTNYVVFLQUZlQVBoWHBVcUdtcTlvaktQaGxYMlpHVWJxXC9aNSsyd0REZllGdDNYd0tmQVl1dTNtUUl5VVJTd1hkZnp0MTl0WUlRXC9zRmtFM1F5NkFiUFRqXC9BcnRGbWlcLzV6dzZqTkJEWGwrXC9Lc2x2dlQ2VCt4NGZFT3FMUzhRbHRmOW9sRXB2USt5VWNzeVwvS1JudXNIVWRYWU5tcmdBM0hxUVp3MGhhV0l6djEzRW03TnJcLzZHK2h6R3BXU1A0UmVjUUlTdU9xWjBRdVRrTHZ0Rmk4WVVPcFdTWFNNeDBUQ2pTQnlBVGtaU29VRFc1UGpBSk5cL3M1V3hRMVk4STNuRWd0NE96bFBwZW10ZzVWOVM3RU1nd2RuVkM1MnIzVFdja0FtVzZxSkRaS05pUGduQlZsbUcxWFNENzRaNjVMa3RqZXY0K2lDTGJsNlliendXRjdyalJENXBPU2FRUWRqTlwvSkdOMmR4NWRaZz09IiwibWFjIjoiYjYzZGU1YWI3NmIxMzQxMDhiZWRjZTQ1ZmRlNGU5ODdlYzhlM2Y1NmZmMzQ2MTFiYzQ4MmY4ZmM4OWM4Yjg1MSJ9', NULL, NULL),
(142, 'Virtako 100ml', 1, 201000, 206000, 203000, 6, 2, '2018-01-04', 'eyJpdiI6ImJTMThoajBhdWlwVUVmQ0xZVzRnVWc9PSIsInZhbHVlIjoiYWV4NkJ4Z3dKVndQTE1ycmdyWFdGWTNIaHkrWlBGUnZKbWU4Mzh5S1EwdDJJNHdRZzN4WlpjbHpiaVV5S3VOcGgyWkF4RndBWWErTVVOTUZBbzhLMHhwdWM0M25sdXdWYmxKcm5mK3c0aGpzcXFKVlwvekJPT01oUFFJZU94clNrZXJTNlhTbTd4Z3pwNUxvTGpTenhsT08zSUVyeEs5XC9ma29WZ3hDT2xuYjFNNEpoWXpMbVI4WGpaZkphVzBPdHhNR3BhSjNvQ0RZSVlBQUg0XC96VnEybVFrbnZnNDNISG9qTnNlWUxiQzNQNGplU3VRd1ltQkU0Umo1ZWtiZ09VOXVZSFwvVnd3QjZSTW9tMjhcLzFKcnlFdTdFdmFNSWlKYXI0Vjhva1pDdU0zcUVwUkxidUsrQ1NJRlptZkpCQW9LT1hKcUsyQW1sTHJ5TWNuYkJQd2FuS01rUDFzXC9KNGpYOFU2OVJJbnE1YUtkNWVPbWVyRTVkbG52RnJSTEk0VDVwejNBd1BaN3B3OHlyUmMzVlNKT3p4NWxUZWpvUlwvZnBGWXRJUTdYMVcrVjl3aWgyM2UxcXJmaWkxVFRwVFAxXC91dlJKQjlsUkZ6SXVaZzlya3BKTFd1V2xRT3I2ek1cL29tUE5uQjZpTU4yYVk9IiwibWFjIjoiMmU5ZTJlNmFjODcwMjc3MTE5YWUwYjhmZjM1N2QzZDA3YTM4YzAxM2EyMjFkMmZhYzQ2OTZiMTI2M2M3ZTk3YiJ9', NULL, NULL),
(143, 'Larvin 15gr', 2, 10000, 15000, 12000, 33, 2, '2018-01-04', 'eyJpdiI6IkFyZ0dCa1l2SHJib1RGU1ZGZHhnSWc9PSIsInZhbHVlIjoid1FTdnNZc3NwVWl0aVA1XC9QYkl0UWpKUXM4bUh5bjZjeDN3U2F4TkVtMGNsMUZ4MkpuRkZYR0JGMndvcGk3WVR3ZmM4TDlcL0V2bGRTWDZrVVZQRFJVNGhFYXliVyttV1N0QnZmV2tTQWpmRzhIVFhXcndzMnBhTm16WEpMb3A0aG5SSGNwZjl2NldUUTltWm9KYlY5ZkkzMm5Bajl0Y2pwaVhkWG1HNld5SlRMalFaakFcL2JReTFTN2lMWjFSN1pGYnN6TFRGZUwrb0luRXVtbWl4OCtiZWxETEVFZ01UZXdBWUZDZEp0RHk2MGk4Zk1CUWJ5bVlMSENPa0d0eEhmVUVTaTVBWU9GdDlRRFwvN2hDdlBBbFQ3c3lObFE5S0lkQyt2ZFpuXC81bVwvdWZpVVdkMHlmd2diRFJMaFVnbERzR0F6NitZdGpwTFZQRlpwK1RDSXR3WHc3K3p3anZBSlhvN3JqM1dkVkNSWFVxWktyTDYzU1wvVjdiYldFUHBIZzN5Z1ZkNDJrcXVEb2ZsdnY2VHRGZVJlOUVQVmpLSngrNHBLOURUczczMzBpYlwvRXZOOFZrR2RkcEZTdkdqUEZNNSs5NE93TzRiUXhTV0UxNThkXC9jcXpuNXc9PSIsIm1hYyI6ImQ1M2JhYTFlMGQ3ZWZiMjgyYmUxOGM1YzM3ZmU2NDljYTcyMGVhZjgwZDk5NWFhOWY3N2VhOTM3YTM4NmI1ZjAifQ==', NULL, NULL);

-- --------------------------------------------------------

--
-- Table structure for table `distributor`
--

CREATE TABLE `distributor` (
  `id` int(10) UNSIGNED NOT NULL,
  `nama_distributor` varchar(200) COLLATE utf8mb4_unicode_ci NOT NULL,
  `alamat` text COLLATE utf8mb4_unicode_ci NOT NULL,
  `telp` varchar(13) COLLATE utf8mb4_unicode_ci NOT NULL,
  `kode_pos` int(10) UNSIGNED NOT NULL,
  `photo` varchar(200) COLLATE utf8mb4_unicode_ci NOT NULL,
  `deskripsi` text COLLATE utf8mb4_unicode_ci NOT NULL,
  `created_at` timestamp NULL DEFAULT NULL,
  `updated_at` timestamp NULL DEFAULT NULL
) ENGINE=InnoDB DEFAULT CHARSET=utf8mb4 COLLATE=utf8mb4_unicode_ci;

--
-- Dumping data for table `distributor`
--

INSERT INTO `distributor` (`id`, `nama_distributor`, `alamat`, `telp`, `kode_pos`, `photo`, `deskripsi`, `created_at`, `updated_at`) VALUES
(1, 'ud.konco tani', 'bangsal', '081330064119', 61383, '', '-', NULL, NULL),
(2, 'STT lamongan', 'babat lamongan', '081248278453', 6173, '', '-', NULL, NULL),
(3, 'UD surya', 'sumobito mojoagung', '085100256990', 6326, '', '-', NULL, NULL);

-- --------------------------------------------------------

--
-- Table structure for table `escpos_setting`
--

CREATE TABLE `escpos_setting` (
  `id` int(10) UNSIGNED NOT NULL,
  `ip` varchar(255) COLLATE utf8mb4_unicode_ci NOT NULL,
  `nama_printer` varchar(255) COLLATE utf8mb4_unicode_ci NOT NULL,
  `created_at` timestamp NULL DEFAULT NULL,
  `updated_at` timestamp NULL DEFAULT NULL
) ENGINE=InnoDB DEFAULT CHARSET=utf8mb4 COLLATE=utf8mb4_unicode_ci;

-- --------------------------------------------------------

--
-- Table structure for table `historystok`
--

CREATE TABLE `historystok` (
  `id` int(10) UNSIGNED NOT NULL,
  `barang_id` int(10) UNSIGNED NOT NULL,
  `beli_stok` int(10) UNSIGNED NOT NULL,
  `total_biaya` int(10) UNSIGNED NOT NULL,
  `tgl_history` date NOT NULL,
  `keterangan` varchar(200) COLLATE utf8mb4_unicode_ci NOT NULL,
  `created_at` timestamp NULL DEFAULT NULL,
  `updated_at` timestamp NULL DEFAULT NULL
) ENGINE=InnoDB DEFAULT CHARSET=utf8mb4 COLLATE=utf8mb4_unicode_ci;

--
-- Dumping data for table `historystok`
--

INSERT INTO `historystok` (`id`, `barang_id`, `beli_stok`, `total_biaya`, `tgl_history`, `keterangan`, `created_at`, `updated_at`) VALUES
(1, 1, 13, 442000, '2018-01-15', 'Penambahan Barang Baru', '2018-01-15 02:00:09', '2018-01-15 02:00:09'),
(2, 2, 29, 580000, '2018-01-15', 'Penambahan Barang Baru', '2018-01-15 02:06:16', '2018-01-15 02:06:16'),
(3, 3, 29, 1740000, '2018-01-15', 'Penambahan Barang Baru', '2018-01-15 02:16:35', '2018-01-15 02:16:35'),
(4, 4, 44, 792000, '2018-01-15', 'Penambahan Barang Baru', '2018-01-15 02:24:03', '2018-01-15 02:24:03'),
(5, 5, 15, 255000, '2018-01-15', 'Penambahan Barang Baru', '2018-01-15 02:25:44', '2018-01-15 02:25:44'),
(6, 6, 16, 488000, '2018-01-15', 'Penambahan Barang Baru', '2018-01-15 02:28:16', '2018-01-15 02:28:16'),
(7, 7, 37, 1924000, '2018-01-15', 'Penambahan Barang Baru', '2018-01-15 02:30:22', '2018-01-15 02:30:22'),
(8, 8, 13, 403000, '2018-01-15', 'Penambahan Barang Baru', '2018-01-15 02:36:10', '2018-01-15 02:36:10'),
(9, 9, 10, 160000, '2018-01-15', 'Penambahan Barang Baru', '2018-01-15 02:40:42', '2018-01-15 02:40:42'),
(10, 10, 8, 288000, '2018-01-15', 'Penambahan Barang Baru', '2018-01-15 02:43:01', '2018-01-15 02:43:01'),
(11, 11, 20, 420000, '2018-01-15', 'Penambahan Barang Baru', '2018-01-15 02:48:13', '2018-01-15 02:48:13'),
(12, 12, 4, 990000, '2018-01-15', 'Penambahan Barang Baru', '2018-01-15 02:59:50', '2018-01-15 02:59:50'),
(13, 13, 10, 2450000, '2018-01-15', 'Penambahan Barang Baru', '2018-01-15 03:09:20', '2018-01-15 03:09:20'),
(14, 14, 9, 463500, '2018-01-15', 'Penambahan Barang Baru', '2018-01-15 03:11:25', '2018-01-15 03:11:25'),
(15, 15, 23, 1219000, '2018-01-15', 'Penambahan Barang Baru', '2018-01-15 03:14:47', '2018-01-15 03:14:47'),
(16, 16, 14, 644000, '2018-01-15', 'Penambahan Barang Baru', '2018-01-15 03:16:06', '2018-01-15 03:16:06'),
(17, 17, 4, 240000, '2018-01-15', 'Penambahan Barang Baru', '2018-01-15 03:17:51', '2018-01-15 03:17:51'),
(18, 18, 5, 240000, '2018-01-15', 'Penambahan Barang Baru', '2018-01-15 03:19:24', '2018-01-15 03:19:24'),
(19, 19, 18, 900000, '2018-01-15', 'Penambahan Barang Baru', '2018-01-15 03:22:58', '2018-01-15 03:22:58'),
(20, 20, 19, 912000, '2018-01-15', 'Penambahan Barang Baru', '2018-01-15 03:24:58', '2018-01-15 03:24:58'),
(21, 21, 77, 1732500, '2018-01-15', 'Penambahan Barang Baru', '2018-01-15 04:08:09', '2018-01-15 04:08:09'),
(22, 22, 14, 742000, '2018-01-15', 'Penambahan Barang Baru', '2018-01-15 04:10:50', '2018-01-15 04:10:50'),
(23, 23, 48, 2400000, '2018-01-15', 'Penambahan Barang Baru', '2018-01-15 04:12:31', '2018-01-15 04:12:31'),
(24, 24, 42, 1197000, '2018-01-15', 'Penambahan Barang Baru', '2018-01-15 04:14:04', '2018-01-15 04:14:04'),
(25, 25, 17, 986000, '2018-01-15', 'Penambahan Barang Baru', '2018-01-15 04:15:19', '2018-01-15 04:15:19'),
(26, 26, 10, 510000, '2018-01-15', 'Penambahan Barang Baru', '2018-01-15 04:19:20', '2018-01-15 04:19:20'),
(27, 27, 23, 253000, '2018-01-15', 'Penambahan Barang Baru', '2018-01-15 04:44:59', '2018-01-15 04:44:59'),
(28, 28, 10, 410000, '2018-01-15', 'Penambahan Barang Baru', '2018-01-15 04:46:40', '2018-01-15 04:46:40'),
(29, 29, 8, 80000, '2018-01-15', 'Penambahan Barang Baru', '2018-01-15 04:55:00', '2018-01-15 04:55:00'),
(30, 30, 25, 675000, '2018-01-15', 'Penambahan Barang Baru', '2018-01-15 04:57:01', '2018-01-15 04:57:01'),
(31, 31, 24, 684000, '2018-01-15', 'Penambahan Barang Baru', '2018-01-15 04:59:14', '2018-01-15 04:59:14'),
(32, 32, 68, 1020000, '2018-01-15', 'Penambahan Barang Baru', '2018-01-15 05:01:59', '2018-01-15 05:01:59'),
(33, 33, 10, 1280000, '2018-01-15', 'Penambahan Barang Baru', '2018-01-15 05:04:46', '2018-01-15 05:04:46'),
(34, 34, 8, 640000, '2018-01-15', 'Penambahan Barang Baru', '2018-01-15 05:06:18', '2018-01-15 05:06:18'),
(35, 35, 6, 906000, '2018-01-15', 'Penambahan Barang Baru', '2018-01-15 05:07:33', '2018-01-15 05:07:33'),
(36, 36, 10, 405000, '2018-01-15', 'Penambahan Barang Baru', '2018-01-15 05:10:11', '2018-01-15 05:10:11'),
(37, 37, 9, 180000, '2018-01-15', 'Penambahan Barang Baru', '2018-01-15 05:12:58', '2018-01-15 05:12:58'),
(38, 38, 10, 220000, '2018-01-15', 'Penambahan Barang Baru', '2018-01-15 05:14:13', '2018-01-15 05:14:13'),
(39, 39, 10, 320000, '2018-01-15', 'Penambahan Barang Baru', '2018-01-15 05:16:32', '2018-01-15 05:16:32'),
(40, 40, 368, 3054400, '2018-01-15', 'Penambahan Barang Baru', '2018-01-15 05:20:31', '2018-01-15 05:20:31'),
(41, 41, 5, 115000, '2018-01-15', 'Penambahan Barang Baru', '2018-01-15 05:22:34', '2018-01-15 05:22:34'),
(42, 42, 13, 968500, '2018-01-15', 'Penambahan Barang Baru', '2018-01-15 05:44:26', '2018-01-15 05:44:26'),
(43, 43, 10, 267500, '2018-01-15', 'Penambahan Barang Baru', '2018-01-15 05:45:33', '2018-01-15 05:45:33'),
(44, 44, 41, 1025000, '2018-01-15', 'Penambahan Barang Baru', '2018-01-15 05:47:23', '2018-01-15 05:47:23'),
(45, 17, 4, 915000, '2018-01-15', 'Pembelian Stok', '2018-01-15 05:50:40', '2018-01-15 05:50:40'),
(46, 26, 5, 2550000, '2018-01-15', 'Pembelian Stok', '2018-01-15 05:53:15', '2018-01-15 05:53:15'),
(47, 15, 23, 1100000, '2018-01-15', 'Pembelian Stok', '2018-01-15 05:56:52', '2018-01-15 05:56:52'),
(48, 45, 15, 765000, '2018-01-15', 'Penambahan Barang Baru', '2018-01-15 05:59:56', '2018-01-15 05:59:56'),
(49, 46, 10, 95000, '2018-01-15', 'Penambahan Barang Baru', '2018-01-15 06:04:27', '2018-01-15 06:04:27'),
(50, 47, 4, 500000, '2018-01-15', 'Penambahan Barang Baru', '2018-01-15 06:05:54', '2018-01-15 06:05:54'),
(51, 48, 10, 440000, '2018-01-15', 'Penambahan Barang Baru', '2018-01-15 06:07:40', '2018-01-15 06:07:40'),
(52, 49, 6, 120000, '2018-01-15', 'Penambahan Barang Baru', '2018-01-15 06:09:04', '2018-01-15 06:09:04'),
(53, 50, 6, 618000, '2018-01-15', 'Penambahan Barang Baru', '2018-01-15 06:10:52', '2018-01-15 06:10:52'),
(54, 51, 27, 384750, '2018-01-15', 'Penambahan Barang Baru', '2018-01-15 06:13:02', '2018-01-15 06:13:02'),
(55, 52, 10, 77500, '2018-01-15', 'Penambahan Barang Baru', '2018-01-15 06:14:24', '2018-01-15 06:14:24'),
(56, 53, 80, 2440000, '2018-01-15', 'Penambahan Barang Baru', '2018-01-15 06:17:26', '2018-01-15 06:17:26'),
(57, 54, 5, 610000, '2018-01-15', 'Penambahan Barang Baru', '2018-01-15 11:36:50', '2018-01-15 11:36:50'),
(58, 55, 10, 640000, '2018-01-15', 'Penambahan Barang Baru', '2018-01-15 11:38:21', '2018-01-15 11:38:21'),
(59, 56, 31, 837000, '2018-01-15', 'Penambahan Barang Baru', '2018-01-15 11:39:24', '2018-01-15 11:39:24'),
(60, 57, 11, 440000, '2018-01-15', 'Penambahan Barang Baru', '2018-01-15 11:40:44', '2018-01-15 11:40:44'),
(61, 58, 5, 50000, '2018-01-15', 'Penambahan Barang Baru', '2018-01-15 11:42:06', '2018-01-15 11:42:06'),
(62, 59, 6, 1188000, '2018-01-15', 'Penambahan Barang Baru', '2018-01-15 11:43:20', '2018-01-15 11:43:20'),
(63, 60, 11, 891000, '2018-01-15', 'Penambahan Barang Baru', '2018-01-15 11:44:32', '2018-01-15 11:44:32'),
(64, 61, 12, 504000, '2018-01-15', 'Penambahan Barang Baru', '2018-01-15 11:45:41', '2018-01-15 11:45:41'),
(65, 62, 9, 810000, '2018-01-15', 'Penambahan Barang Baru', '2018-01-15 11:48:28', '2018-01-15 11:48:28'),
(66, 63, 9, 522000, '2018-01-15', 'Penambahan Barang Baru', '2018-01-15 11:49:59', '2018-01-15 11:49:59'),
(67, 64, 131, 917000, '2018-01-15', 'Penambahan Barang Baru', '2018-01-15 11:56:30', '2018-01-15 11:56:30'),
(68, 65, 5, 115000, '2018-01-15', 'Penambahan Barang Baru', '2018-01-15 11:58:00', '2018-01-15 11:58:00'),
(69, 66, 9, 270000, '2018-01-15', 'Penambahan Barang Baru', '2018-01-15 11:59:48', '2018-01-15 11:59:48'),
(70, 67, 10, 340000, '2018-01-15', 'Penambahan Barang Baru', '2018-01-15 12:01:36', '2018-01-15 12:01:36'),
(71, 68, 9, 207000, '2018-01-15', 'Penambahan Barang Baru', '2018-01-15 12:03:09', '2018-01-15 12:03:09'),
(72, 69, 20, 1260000, '2018-01-15', 'Penambahan Barang Baru', '2018-01-15 12:07:25', '2018-01-15 12:07:25'),
(73, 70, 20, 1260000, '2018-01-15', 'Penambahan Barang Baru', '2018-01-15 12:07:31', '2018-01-15 12:07:31'),
(74, 71, 45, 6480000, '2018-01-15', 'Penambahan Barang Baru', '2018-01-15 12:11:01', '2018-01-15 12:11:01'),
(75, 72, 55, 2640000, '2018-01-15', 'Penambahan Barang Baru', '2018-01-15 12:11:58', '2018-01-15 12:11:58'),
(76, 73, 31, 5270000, '2018-01-15', 'Penambahan Barang Baru', '2018-01-15 12:13:17', '2018-01-15 12:13:17'),
(77, 74, 219, 4927500, '2018-01-15', 'Penambahan Barang Baru', '2018-01-15 12:14:25', '2018-01-15 12:14:25'),
(78, 75, 26, 1950000, '2018-01-15', 'Penambahan Barang Baru', '2018-01-15 12:15:49', '2018-01-15 12:15:49'),
(79, 76, 21, 168000, '2018-01-15', 'Penambahan Barang Baru', '2018-01-15 12:16:49', '2018-01-15 12:16:49'),
(80, 77, 11, 682000, '2018-01-15', 'Penambahan Barang Baru', '2018-01-15 12:18:19', '2018-01-15 12:18:19'),
(81, 78, 9, 243000, '2018-01-15', 'Penambahan Barang Baru', '2018-01-15 12:19:19', '2018-01-15 12:19:19'),
(82, 79, 4, 216000, '2018-01-15', 'Penambahan Barang Baru', '2018-01-15 12:20:24', '2018-01-15 12:20:24'),
(83, 80, 9, 171000, '2018-01-15', 'Penambahan Barang Baru', '2018-01-15 12:21:29', '2018-01-15 12:21:29'),
(84, 81, 9, 126000, '2018-01-15', 'Penambahan Barang Baru', '2018-01-15 12:22:55', '2018-01-15 12:22:55'),
(85, 82, 54, 8154000, '2018-01-15', 'Penambahan Barang Baru', '2018-01-15 12:24:45', '2018-01-15 12:24:45'),
(86, 83, 15, 1935000, '2018-01-15', 'Penambahan Barang Baru', '2018-01-15 12:26:03', '2018-01-15 12:26:03'),
(87, 84, 7, 483000, '2018-01-15', 'Penambahan Barang Baru', '2018-01-15 12:27:11', '2018-01-15 12:27:11'),
(88, 85, 17, 1530000, '2018-01-15', 'Penambahan Barang Baru', '2018-01-15 12:28:49', '2018-01-15 12:28:49'),
(89, 86, 3, 150000, '2018-01-15', 'Penambahan Barang Baru', '2018-01-15 12:30:12', '2018-01-15 12:30:12'),
(90, 87, 9, 99000, '2018-01-15', 'Penambahan Barang Baru', '2018-01-15 12:31:37', '2018-01-15 12:31:37'),
(91, 88, 11, 77000, '2018-01-15', 'Penambahan Barang Baru', '2018-01-15 12:32:51', '2018-01-15 12:32:51'),
(92, 89, 29, 870000, '2018-01-15', 'Penambahan Barang Baru', '2018-01-15 12:36:33', '2018-01-15 12:36:33'),
(93, 90, 80, 1280000, '2018-01-15', 'Penambahan Barang Baru', '2018-01-15 12:47:38', '2018-01-15 12:47:38'),
(94, 91, 9, 702000, '2018-01-15', 'Penambahan Barang Baru', '2018-01-15 12:49:07', '2018-01-15 12:49:07'),
(95, 92, 5, 250000, '2018-01-15', 'Penambahan Barang Baru', '2018-01-15 12:50:20', '2018-01-15 12:50:20'),
(96, 93, 16, 480000, '2018-01-15', 'Penambahan Barang Baru', '2018-01-15 12:51:58', '2018-01-15 12:51:58'),
(97, 94, 13, 234000, '2018-01-15', 'Penambahan Barang Baru', '2018-01-15 12:53:43', '2018-01-15 12:53:43'),
(98, 95, 8, 240000, '2018-01-15', 'Penambahan Barang Baru', '2018-01-15 13:47:03', '2018-01-15 13:47:03'),
(99, 96, 3, 51000, '2018-01-15', 'Penambahan Barang Baru', '2018-01-15 13:48:44', '2018-01-15 13:48:44'),
(100, 97, 172, 1032000, '2018-01-15', 'Penambahan Barang Baru', '2018-01-15 13:51:15', '2018-01-15 13:51:15'),
(101, 98, 34, 544000, '2018-01-15', 'Penambahan Barang Baru', '2018-01-15 13:54:28', '2018-01-15 13:54:28'),
(102, 99, 10, 450000, '2018-01-15', 'Penambahan Barang Baru', '2018-01-15 13:55:41', '2018-01-15 13:55:41'),
(103, 100, 9, 153000, '2018-01-15', 'Penambahan Barang Baru', '2018-01-15 13:56:30', '2018-01-15 13:56:30'),
(104, 101, 36, 648000, '2018-01-15', 'Penambahan Barang Baru', '2018-01-15 13:58:04', '2018-01-15 13:58:04'),
(105, 102, 20, 600000, '2018-01-15', 'Penambahan Barang Baru', '2018-01-15 13:59:10', '2018-01-15 13:59:10'),
(106, 103, 33000, 330000000, '2018-01-15', 'Penambahan Barang Baru', '2018-01-15 14:04:18', '2018-01-15 14:04:18'),
(107, 104, 2, 60000, '2018-01-15', 'Penambahan Barang Baru', '2018-01-15 14:05:27', '2018-01-15 14:05:27'),
(108, 105, 4, 20000, '2018-01-15', 'Penambahan Barang Baru', '2018-01-15 14:06:30', '2018-01-15 14:06:30'),
(109, 106, 25, 662500, '2018-01-15', 'Penambahan Barang Baru', '2018-01-15 14:07:49', '2018-01-15 14:07:49'),
(110, 107, 3, 150000, '2018-01-15', 'Penambahan Barang Baru', '2018-01-15 14:08:56', '2018-01-15 14:08:56'),
(111, 108, 9, 495000, '2018-01-15', 'Penambahan Barang Baru', '2018-01-15 14:10:42', '2018-01-15 14:10:42'),
(112, 109, 6, 150000, '2018-01-15', 'Penambahan Barang Baru', '2018-01-15 14:14:58', '2018-01-15 14:14:58'),
(113, 110, 17, 935000, '2018-01-15', 'Penambahan Barang Baru', '2018-01-15 14:16:20', '2018-01-15 14:16:20'),
(114, 111, 6, 330000, '2018-01-15', 'Penambahan Barang Baru', '2018-01-15 14:17:22', '2018-01-15 14:17:22'),
(115, 112, 26, 182000, '2018-01-15', 'Penambahan Barang Baru', '2018-01-15 14:18:35', '2018-01-15 14:18:35'),
(116, 113, 2, 106000, '2018-01-15', 'Penambahan Barang Baru', '2018-01-15 14:19:50', '2018-01-15 14:19:50'),
(117, 114, 2, 48000, '2018-01-15', 'Penambahan Barang Baru', '2018-01-15 14:20:56', '2018-01-15 14:20:56'),
(118, 115, 4, 272000, '2018-01-15', 'Penambahan Barang Baru', '2018-01-15 14:22:13', '2018-01-15 14:22:13'),
(119, 116, 10, 240000, '2018-01-15', 'Penambahan Barang Baru', '2018-01-15 14:25:09', '2018-01-15 14:25:09'),
(120, 117, 11, 440000, '2018-01-15', 'Penambahan Barang Baru', '2018-01-15 14:27:19', '2018-01-15 14:27:19'),
(121, 118, 78, 5616000, '2018-01-15', 'Penambahan Barang Baru', '2018-01-15 14:29:43', '2018-01-15 14:29:43'),
(122, 119, 42, 3150000, '2018-01-15', 'Penambahan Barang Baru', '2018-01-15 14:31:30', '2018-01-15 14:31:30'),
(123, 120, 20, 1170000, '2018-01-15', 'Penambahan Barang Baru', '2018-01-15 14:32:47', '2018-01-15 14:32:47'),
(124, 121, 5, 290000, '2018-01-15', 'Penambahan Barang Baru', '2018-01-15 14:34:23', '2018-01-15 14:34:23'),
(125, 122, 6, 144000, '2018-01-15', 'Penambahan Barang Baru', '2018-01-15 14:35:19', '2018-01-15 14:35:19'),
(126, 123, 4, 56000, '2018-01-15', 'Penambahan Barang Baru', '2018-01-15 14:36:21', '2018-01-15 14:36:21'),
(127, 124, 20, 660000, '2018-01-15', 'Penambahan Barang Baru', '2018-01-15 14:37:51', '2018-01-15 14:37:51'),
(128, 125, 6, 72000, '2018-01-15', 'Penambahan Barang Baru', '2018-01-15 14:38:55', '2018-01-15 14:38:55'),
(129, 126, 6, 120000, '2018-01-15', 'Penambahan Barang Baru', '2018-01-15 14:41:20', '2018-01-15 14:41:20'),
(130, 127, 3, 234000, '2018-01-15', 'Penambahan Barang Baru', '2018-01-15 14:42:39', '2018-01-15 14:42:39'),
(131, 128, 3, 234000, '2018-01-15', 'Penambahan Barang Baru', '2018-01-15 14:42:49', '2018-01-15 14:42:49'),
(132, 129, 1, 900000, '2018-01-15', 'Penambahan Barang Baru', '2018-01-15 14:59:11', '2018-01-15 14:59:11'),
(133, 130, 1, 900000, '2018-01-15', 'Penambahan Barang Baru', '2018-01-15 15:01:30', '2018-01-15 15:01:30'),
(134, 131, 21, 630000, '2018-01-16', 'Penambahan Barang Baru', '2018-01-15 22:54:37', '2018-01-15 22:54:37'),
(135, 132, 7, 427000, '2018-01-16', 'Penambahan Barang Baru', '2018-01-15 22:58:11', '2018-01-15 22:58:11'),
(136, 133, 20, 600000, '2018-01-16', 'Penambahan Barang Baru', '2018-01-15 22:59:16', '2018-01-15 22:59:16'),
(137, 134, 3, 126000, '2018-01-16', 'Penambahan Barang Baru', '2018-01-15 23:03:36', '2018-01-15 23:03:36'),
(138, 135, 3, 67500, '2018-01-16', 'Penambahan Barang Baru', '2018-01-15 23:06:16', '2018-01-15 23:06:16'),
(139, 136, 10, 100000, '2018-01-16', 'Penambahan Barang Baru', '2018-01-15 23:11:48', '2018-01-15 23:11:48'),
(140, 137, 5, 175000, '2018-01-16', 'Penambahan Barang Baru', '2018-01-15 23:13:01', '2018-01-15 23:13:01'),
(141, 138, 5, 225000, '2018-01-16', 'Penambahan Barang Baru', '2018-01-15 23:24:54', '2018-01-15 23:24:54'),
(142, 139, 4, 100000, '2018-01-16', 'Penambahan Barang Baru', '2018-01-15 23:25:59', '2018-01-15 23:25:59'),
(143, 140, 4, 48000, '2018-01-16', 'Penambahan Barang Baru', '2018-01-15 23:27:24', '2018-01-15 23:27:24'),
(144, 141, 39, 780000, '2018-01-16', 'Penambahan Barang Baru', '2018-01-15 23:29:59', '2018-01-15 23:29:59'),
(145, 142, 6, 1206000, '2018-01-16', 'Penambahan Barang Baru', '2018-01-16 02:07:57', '2018-01-16 02:07:57'),
(146, 143, 33, 330000, '2018-01-16', 'Penambahan Barang Baru', '2018-01-16 03:07:15', '2018-01-16 03:07:15');

-- --------------------------------------------------------

--
-- Table structure for table `kategori`
--

CREATE TABLE `kategori` (
  `id` int(10) UNSIGNED NOT NULL,
  `kategori` varchar(200) COLLATE utf8mb4_unicode_ci NOT NULL,
  `created_at` timestamp NULL DEFAULT NULL,
  `updated_at` timestamp NULL DEFAULT NULL
) ENGINE=InnoDB DEFAULT CHARSET=utf8mb4 COLLATE=utf8mb4_unicode_ci;

--
-- Dumping data for table `kategori`
--

INSERT INTO `kategori` (`id`, `kategori`, `created_at`, `updated_at`) VALUES
(1, 'botol', NULL, NULL),
(2, 'sachet', NULL, NULL),
(3, 'botol', NULL, NULL);

-- --------------------------------------------------------

--
-- Table structure for table `migrations`
--

CREATE TABLE `migrations` (
  `id` int(10) UNSIGNED NOT NULL,
  `migration` varchar(255) COLLATE utf8mb4_unicode_ci NOT NULL,
  `batch` int(11) NOT NULL
) ENGINE=InnoDB DEFAULT CHARSET=utf8mb4 COLLATE=utf8mb4_unicode_ci;

--
-- Dumping data for table `migrations`
--

INSERT INTO `migrations` (`id`, `migration`, `batch`) VALUES
(78, '2014_10_12_000000_create_users_table', 1),
(79, '2017_10_25_102651_barang', 1),
(80, '2017_10_25_102730_distributor', 1),
(81, '2017_10_25_102803_kategori', 1),
(82, '2017_10_25_102824_pemasukan', 1),
(83, '2017_10_25_102903_pengeluaran', 1),
(84, '2017_10_25_102926_toko', 1),
(85, '2017_10_25_103001_transaksi', 1),
(86, '2017_10_26_113910_historyStok', 1),
(87, '2017_11_06_140016_ecpos_setting', 1),
(88, '2018_01_13_194308_create_pelanggans_table', 1);

-- --------------------------------------------------------

--
-- Table structure for table `pelanggans`
--

CREATE TABLE `pelanggans` (
  `id` int(10) UNSIGNED NOT NULL,
  `nama` varchar(255) COLLATE utf8mb4_unicode_ci NOT NULL,
  `no_hp` varchar(255) COLLATE utf8mb4_unicode_ci NOT NULL,
  `alamat` text COLLATE utf8mb4_unicode_ci NOT NULL,
  `created_at` timestamp NULL DEFAULT NULL,
  `updated_at` timestamp NULL DEFAULT NULL
) ENGINE=InnoDB DEFAULT CHARSET=utf8mb4 COLLATE=utf8mb4_unicode_ci;

--
-- Dumping data for table `pelanggans`
--

INSERT INTO `pelanggans` (`id`, `nama`, `no_hp`, `alamat`, `created_at`, `updated_at`) VALUES
(1, 'p.kholil', '085233675459', 'Pulorejo Dlanggu', '2018-01-15 04:22:07', '2018-01-15 04:22:07');

-- --------------------------------------------------------

--
-- Table structure for table `pemasukan`
--

CREATE TABLE `pemasukan` (
  `id` int(10) UNSIGNED NOT NULL,
  `tgl_pemasukan` date NOT NULL,
  `jumlah_uang` int(10) UNSIGNED NOT NULL,
  `keterangan` varchar(100) COLLATE utf8mb4_unicode_ci NOT NULL,
  `created_at` timestamp NULL DEFAULT NULL,
  `updated_at` timestamp NULL DEFAULT NULL
) ENGINE=InnoDB DEFAULT CHARSET=utf8mb4 COLLATE=utf8mb4_unicode_ci;

--
-- Dumping data for table `pemasukan`
--

INSERT INTO `pemasukan` (`id`, `tgl_pemasukan`, `jumlah_uang`, `keterangan`, `created_at`, `updated_at`) VALUES
(1, '2018-01-15', 1350000, 'Transaksi oleh Inv1', NULL, NULL),
(2, '2018-01-15', 100000, 'Transaksi oleh Inv6', NULL, NULL),
(3, '2018-01-15', 95000, 'Transaksi oleh Inv7', NULL, NULL),
(4, '2018-01-15', 143000, 'Transaksi oleh Inv8', NULL, NULL),
(5, '2018-01-15', 61000, 'Transaksi oleh Inv10', NULL, NULL),
(6, '2018-01-16', 500000, 'Transaksi oleh Inv11', NULL, NULL),
(7, '2018-01-16', 50000, 'Transaksi oleh Inv19', NULL, NULL),
(8, '2018-01-16', 83000, 'Transaksi oleh Inv20', NULL, NULL),
(9, '2018-01-16', 50000, 'Transaksi oleh Inv21', NULL, NULL),
(10, '2018-01-16', 200000, 'Transaksi oleh Inv22', NULL, NULL),
(11, '2018-01-16', 255000, 'Transaksi oleh Inv23', NULL, NULL),
(12, '2018-01-16', 50000, 'Transaksi oleh Inv24', NULL, NULL),
(13, '2018-01-16', 65000, 'Transaksi oleh Inv26', NULL, NULL),
(14, '2018-01-16', 20000, 'Transaksi oleh Inv27', NULL, NULL),
(15, '2018-01-16', 100000, 'Transaksi oleh Inv28', NULL, NULL),
(16, '2018-01-16', 28000, 'Transaksi oleh Inv30', NULL, NULL),
(17, '2018-01-16', 617500, 'Transaksi oleh Inv32', NULL, NULL),
(18, '2018-01-16', 19000, 'Transaksi oleh Inv35', NULL, NULL);

-- --------------------------------------------------------

--
-- Table structure for table `pengeluaran`
--

CREATE TABLE `pengeluaran` (
  `id` int(10) UNSIGNED NOT NULL,
  `tgl_pengeluaran` date NOT NULL,
  `jumlah_uang` int(10) UNSIGNED NOT NULL,
  `keterangan` varchar(100) COLLATE utf8mb4_unicode_ci NOT NULL,
  `created_at` timestamp NULL DEFAULT NULL,
  `updated_at` timestamp NULL DEFAULT NULL
) ENGINE=InnoDB DEFAULT CHARSET=utf8mb4 COLLATE=utf8mb4_unicode_ci;

-- --------------------------------------------------------

--
-- Table structure for table `toko`
--

CREATE TABLE `toko` (
  `id` int(10) UNSIGNED NOT NULL,
  `nama_toko` varchar(50) COLLATE utf8mb4_unicode_ci NOT NULL,
  `alamat` text COLLATE utf8mb4_unicode_ci NOT NULL,
  `email` varchar(100) COLLATE utf8mb4_unicode_ci NOT NULL,
  `telp` varchar(13) COLLATE utf8mb4_unicode_ci NOT NULL,
  `deskripsi` text COLLATE utf8mb4_unicode_ci NOT NULL,
  `photo` varchar(200) COLLATE utf8mb4_unicode_ci NOT NULL,
  `created_at` timestamp NULL DEFAULT NULL,
  `updated_at` timestamp NULL DEFAULT NULL
) ENGINE=InnoDB DEFAULT CHARSET=utf8mb4 COLLATE=utf8mb4_unicode_ci;

--
-- Dumping data for table `toko`
--

INSERT INTO `toko` (`id`, `nama_toko`, `alamat`, `email`, `telp`, `deskripsi`, `photo`, `created_at`, `updated_at`) VALUES
(1, 'TANI SUMBER MAKMUR', 'Jl. Jetis Etan Ds. Sumberagung Jatirejo, Mojokerto', 'maya72@gmail.com', '085748200034', 'Sarana Pertanian', '2018-01-14.shop.png', NULL, NULL);

-- --------------------------------------------------------

--
-- Table structure for table `transaksi`
--

CREATE TABLE `transaksi` (
  `id` int(10) UNSIGNED NOT NULL,
  `invoice_id` char(10) COLLATE utf8mb4_unicode_ci NOT NULL,
  `tgl_transaksi` date NOT NULL,
  `qty` int(10) UNSIGNED NOT NULL,
  `pelanggan_id` int(10) UNSIGNED DEFAULT NULL,
  `total_bayar` int(10) UNSIGNED NOT NULL,
  `barang_id` int(10) UNSIGNED NOT NULL,
  `kembalian` int(10) UNSIGNED NOT NULL,
  `jumlah_bayar` int(10) UNSIGNED NOT NULL,
  `created_at` timestamp NULL DEFAULT NULL,
  `updated_at` timestamp NULL DEFAULT NULL
) ENGINE=InnoDB DEFAULT CHARSET=utf8mb4 COLLATE=utf8mb4_unicode_ci;

--
-- Dumping data for table `transaksi`
--

INSERT INTO `transaksi` (`id`, `invoice_id`, `tgl_transaksi`, `qty`, `pelanggan_id`, `total_bayar`, `barang_id`, `kembalian`, `jumlah_bayar`, `created_at`, `updated_at`) VALUES
(1, 'Inv1', '2018-01-15', 10, NULL, 1350000, 23, 0, 1350000, NULL, NULL),
(2, 'Inv1', '2018-01-15', 10, NULL, 1350000, 21, 0, 1350000, NULL, NULL),
(3, 'Inv1', '2018-01-15', 3, NULL, 1350000, 25, 0, 1350000, NULL, NULL),
(4, 'Inv1', '2018-01-15', 3, NULL, 1350000, 22, 0, 1350000, NULL, NULL),
(5, 'Inv1', '2018-01-15', 5, NULL, 1350000, 26, 0, 1350000, NULL, NULL),
(6, 'Inv6', '2018-01-15', 1, NULL, 77000, 42, 23000, 100000, NULL, NULL),
(7, 'Inv7', '2018-01-15', 10, NULL, 95000, 40, 0, 95000, NULL, NULL),
(8, 'Inv8', '2018-01-15', 1, NULL, 143000, 1, 0, 143000, NULL, NULL),
(9, 'Inv8', '2018-01-15', 1, NULL, 143000, 50, 0, 143000, NULL, NULL),
(10, 'Inv10', '2018-01-15', 1, NULL, 61000, 25, 0, 61000, NULL, NULL),
(11, 'Inv11', '2018-01-16', 2, NULL, 487000, 90, 13000, 500000, NULL, NULL),
(12, 'Inv11', '2018-01-16', 1, NULL, 487000, 124, 13000, 500000, NULL, NULL),
(13, 'Inv11', '2018-01-16', 1, NULL, 487000, 23, 13000, 500000, NULL, NULL),
(14, 'Inv11', '2018-01-16', 1, NULL, 487000, 24, 13000, 500000, NULL, NULL),
(15, 'Inv11', '2018-01-16', 2, NULL, 487000, 15, 13000, 500000, NULL, NULL),
(16, 'Inv11', '2018-01-16', 1, NULL, 487000, 62, 13000, 500000, NULL, NULL),
(17, 'Inv11', '2018-01-16', 1, NULL, 487000, 63, 13000, 500000, NULL, NULL),
(18, 'Inv11', '2018-01-16', 2, NULL, 487000, 32, 13000, 500000, NULL, NULL),
(19, 'Inv19', '2018-01-16', 1, NULL, 37000, 124, 0, 50000, NULL, NULL),
(20, 'Inv20', '2018-01-16', 1, NULL, 83000, 34, 0, 83000, NULL, NULL),
(21, 'Inv21', '2018-01-16', 1, NULL, 26000, 38, 24000, 50000, NULL, NULL),
(22, 'Inv22', '2018-01-16', 2, NULL, 128000, 3, 72000, 200000, NULL, NULL),
(23, 'Inv23', '2018-01-16', 1, NULL, 255000, 13, 0, 255000, NULL, NULL),
(24, 'Inv24', '2018-01-16', 2, NULL, 49000, 40, 1000, 50000, NULL, NULL),
(25, 'Inv24', '2018-01-16', 4, NULL, 49000, 97, 1000, 50000, NULL, NULL),
(26, 'Inv26', '2018-01-16', 1, NULL, 64000, 3, 1000, 65000, NULL, NULL),
(27, 'Inv27', '2018-01-16', 2, NULL, 19000, 40, 1000, 20000, NULL, NULL),
(28, 'Inv28', '2018-01-16', 1, NULL, 86000, 87, 14000, 100000, NULL, NULL),
(29, 'Inv28', '2018-01-16', 1, NULL, 86000, 55, 14000, 100000, NULL, NULL),
(30, 'Inv30', '2018-01-16', 2, NULL, 28000, 40, 0, 28000, NULL, NULL),
(31, 'Inv30', '2018-01-16', 1, NULL, 28000, 76, 0, 28000, NULL, NULL),
(32, 'Inv32', '2018-01-16', 6, NULL, 617500, 118, 0, 617500, NULL, NULL),
(33, 'Inv32', '2018-01-16', 2, NULL, 617500, 42, 0, 617500, NULL, NULL),
(34, 'Inv32', '2018-01-16', 1, NULL, 617500, 97, 0, 617500, NULL, NULL),
(35, 'Inv35', '2018-01-16', 2, NULL, 19000, 40, 0, 19000, NULL, NULL);

-- --------------------------------------------------------

--
-- Table structure for table `users`
--

CREATE TABLE `users` (
  `id` int(10) UNSIGNED NOT NULL,
  `username` varchar(100) COLLATE utf8mb4_unicode_ci NOT NULL,
  `password` varchar(100) COLLATE utf8mb4_unicode_ci NOT NULL,
  `level` varchar(50) COLLATE utf8mb4_unicode_ci NOT NULL,
  `remember_token` varchar(100) COLLATE utf8mb4_unicode_ci DEFAULT NULL,
  `created_at` timestamp NULL DEFAULT NULL,
  `updated_at` timestamp NULL DEFAULT NULL
) ENGINE=InnoDB DEFAULT CHARSET=utf8mb4 COLLATE=utf8mb4_unicode_ci;

--
-- Dumping data for table `users`
--

INSERT INTO `users` (`id`, `username`, `password`, `level`, `remember_token`, `created_at`, `updated_at`) VALUES
(1, 'admin', '$2y$10$UlsFpGtKdE1xssk.93oZNOniMZm85pfSIEBvcbpT6T58aHyQeSqby', 'admin', NULL, NULL, NULL),
(2, 'gudang', '$2y$10$fIwegILxz4ECEOAgHySQhueRRnqiPPFoA78JK6BCE5zBh6sUe1n8e', 'gudang', NULL, NULL, NULL),
(3, 'kasir', '$2y$10$xTLDzOoPOiYAO.o80d3THO1udUN42CPB.J3g8gmzKXt0grFVGoh7m', 'kasir', NULL, NULL, NULL);

--
-- Indexes for dumped tables
--

--
-- Indexes for table `barang`
--
ALTER TABLE `barang`
  ADD PRIMARY KEY (`id`);

--
-- Indexes for table `distributor`
--
ALTER TABLE `distributor`
  ADD PRIMARY KEY (`id`);

--
-- Indexes for table `escpos_setting`
--
ALTER TABLE `escpos_setting`
  ADD PRIMARY KEY (`id`);

--
-- Indexes for table `historystok`
--
ALTER TABLE `historystok`
  ADD PRIMARY KEY (`id`);

--
-- Indexes for table `kategori`
--
ALTER TABLE `kategori`
  ADD PRIMARY KEY (`id`);

--
-- Indexes for table `migrations`
--
ALTER TABLE `migrations`
  ADD PRIMARY KEY (`id`);

--
-- Indexes for table `pelanggans`
--
ALTER TABLE `pelanggans`
  ADD PRIMARY KEY (`id`);

--
-- Indexes for table `pemasukan`
--
ALTER TABLE `pemasukan`
  ADD PRIMARY KEY (`id`);

--
-- Indexes for table `pengeluaran`
--
ALTER TABLE `pengeluaran`
  ADD PRIMARY KEY (`id`);

--
-- Indexes for table `toko`
--
ALTER TABLE `toko`
  ADD PRIMARY KEY (`id`);

--
-- Indexes for table `transaksi`
--
ALTER TABLE `transaksi`
  ADD PRIMARY KEY (`id`);

--
-- Indexes for table `users`
--
ALTER TABLE `users`
  ADD PRIMARY KEY (`id`);

--
-- AUTO_INCREMENT for dumped tables
--

--
-- AUTO_INCREMENT for table `barang`
--
ALTER TABLE `barang`
  MODIFY `id` int(10) UNSIGNED NOT NULL AUTO_INCREMENT, AUTO_INCREMENT=144;
--
-- AUTO_INCREMENT for table `distributor`
--
ALTER TABLE `distributor`
  MODIFY `id` int(10) UNSIGNED NOT NULL AUTO_INCREMENT, AUTO_INCREMENT=4;
--
-- AUTO_INCREMENT for table `escpos_setting`
--
ALTER TABLE `escpos_setting`
  MODIFY `id` int(10) UNSIGNED NOT NULL AUTO_INCREMENT;
--
-- AUTO_INCREMENT for table `historystok`
--
ALTER TABLE `historystok`
  MODIFY `id` int(10) UNSIGNED NOT NULL AUTO_INCREMENT, AUTO_INCREMENT=147;
--
-- AUTO_INCREMENT for table `kategori`
--
ALTER TABLE `kategori`
  MODIFY `id` int(10) UNSIGNED NOT NULL AUTO_INCREMENT, AUTO_INCREMENT=4;
--
-- AUTO_INCREMENT for table `migrations`
--
ALTER TABLE `migrations`
  MODIFY `id` int(10) UNSIGNED NOT NULL AUTO_INCREMENT, AUTO_INCREMENT=89;
--
-- AUTO_INCREMENT for table `pelanggans`
--
ALTER TABLE `pelanggans`
  MODIFY `id` int(10) UNSIGNED NOT NULL AUTO_INCREMENT, AUTO_INCREMENT=2;
--
-- AUTO_INCREMENT for table `pemasukan`
--
ALTER TABLE `pemasukan`
  MODIFY `id` int(10) UNSIGNED NOT NULL AUTO_INCREMENT, AUTO_INCREMENT=19;
--
-- AUTO_INCREMENT for table `pengeluaran`
--
ALTER TABLE `pengeluaran`
  MODIFY `id` int(10) UNSIGNED NOT NULL AUTO_INCREMENT;
--
-- AUTO_INCREMENT for table `toko`
--
ALTER TABLE `toko`
  MODIFY `id` int(10) UNSIGNED NOT NULL AUTO_INCREMENT, AUTO_INCREMENT=2;
--
-- AUTO_INCREMENT for table `transaksi`
--
ALTER TABLE `transaksi`
  MODIFY `id` int(10) UNSIGNED NOT NULL AUTO_INCREMENT, AUTO_INCREMENT=36;
--
-- AUTO_INCREMENT for table `users`
--
ALTER TABLE `users`
  MODIFY `id` int(10) UNSIGNED NOT NULL AUTO_INCREMENT, AUTO_INCREMENT=4;
/*!40101 SET CHARACTER_SET_CLIENT=@OLD_CHARACTER_SET_CLIENT */;
/*!40101 SET CHARACTER_SET_RESULTS=@OLD_CHARACTER_SET_RESULTS */;
/*!40101 SET COLLATION_CONNECTION=@OLD_COLLATION_CONNECTION */;
